URL,Restaurant Name,Overall Rating,Number of Reviews,Food Type
https://www.yelp.com/biz/the-royals-steakhouse-singapore?osq=Restaurants,The Royals Steakhouse,4.5,2,"Halal, Steakhouses"
https://www.yelp.com/biz/violet-oon-singapore?osq=Restaurants,Violet Oon,4.3,13,"British, Hainan, Singaporean"
https://www.yelp.com/biz/taste-of-morroco-singapore?osq=Restaurants,Taste Of Morroco,5.0,1,Moroccan
https://www.yelp.com/biz/beach-road-kitchen-singapore?osq=Restaurants,Beach Road Kitchen,4.6,17,"Breakfast & Brunch, Chinese, Buffets"
https://www.yelp.com/biz/treasures-yi-dian-xin-singapore-3?osq=Restaurants,Treasures Yi Dian Xin,4.7,3,"Congee, Dim Sum, Noodles"
https://www.yelp.com/biz/da-lian-traditional-noodles-singapore?osq=Restaurants,Da Lian Traditional Noodles,3.9,20,"Noodles, Teochew"
https://www.yelp.com/biz/magurodonya-miuramisakikou-sushi-singapore?osq=Restaurants,Magurodonya Miuramisakikou Sushi,4.8,5,"Sushi Bars, Japanese"
https://www.yelp.com/biz/catch-singapore-river?osq=Restaurants,Catch,4.3,4,Fish & Chips
https://www.yelp.com/biz/seafood-paradise-singapore-2?osq=Restaurants,Seafood Paradise,4.0,3,"Chinese, Seafood"
https://www.yelp.com/biz/waku-ghin-singapore?osq=Restaurants,Waku Ghin,4.4,21,Asian Fusion
https://www.yelp.com/biz/cook-and-brew-singapore?osq=Restaurants,Cook & Brew,4.0,15,"Gastropubs, Lounges"
https://www.yelp.com/biz/komala-vilas-restaurant-singapore?osq=Restaurants,Komala Vilas Restaurant,4.1,76,"Indian, Vegetarian"
https://www.yelp.com/biz/chabuton-singapore-4?osq=Restaurants,Chabuton,4.8,6,Ramen
https://www.yelp.com/biz/mrs-pho-singapore?osq=Restaurants,Mrs Pho,3.8,59,Vietnamese
https://www.yelp.com/biz/the-malayan-council-singapore-2?osq=Restaurants,The Malayan Council,4.9,11,Cafes
https://www.yelp.com/biz/torasho-ramen-and-charcoal-bar-singapore?osq=Restaurants,Torasho Ramen & Charcoal Bar,4.5,4,"Bars, Ramen"
https://www.yelp.com/biz/hao-lai-wu-steamboat-and-bbq-singapore?osq=Restaurants,Hao Lai Wu Steamboat & BBQ,5.0,1,"Barbeque, Buffets"
https://www.yelp.com/biz/spago-by-wolfgang-puck-singapore?osq=Restaurants,Spago By Wolfgang Puck,4.1,91,American
https://www.yelp.com/biz/din-tai-fung-singapore-10?osq=Restaurants,Din Tai Fung,4.2,68,"Shanghainese, Taiwanese, Dumplings"
https://www.yelp.com/biz/super-loco-customs-house-singapore?osq=Restaurants,Super Loco Customs House,3.4,8,"Cocktail Bars, Mexican"
https://www.yelp.com/biz/mtr-1924-singapore-2?osq=Restaurants,MTR 1924,4.4,35,Indian
https://www.yelp.com/biz/su-korean-cuisine-singapore-2?osq=Restaurants,Su Korean Cuisine,5.0,1,Korean
https://www.yelp.com/biz/five-star-hainanese-chicken-rice-singapore-2?osq=Restaurants,Five Star Hainanese Chicken Rice,4.3,27,"Chicken Shop, Hainan"
https://www.yelp.com/biz/the-dragon-chamber-singapore?osq=Restaurants,The Dragon Chamber,4.9,11,"Chinese, Singaporean"
https://www.yelp.com/biz/club55-singapore?osq=Restaurants,Club55,4.3,6,Buffets
https://www.yelp.com/biz/wildseed-cafe-singapore?osq=Restaurants,Wildseed Cafe,4.5,2,"Cafes, Bars, Juice Bars & Smoothies"
https://www.yelp.com/biz/lavender-food-hub-singapore?osq=Restaurants,Lavender Food Hub,4.5,2,"Food Court, Coffee & Tea"
https://www.yelp.com/biz/blue-jasmine-singapore?osq=Restaurants,Blue Jasmine,4.0,1,Thai
https://www.yelp.com/biz/cibo-italiano-singapore?osq=Restaurants,Cibo Italiano,4.2,6,"Wine Bars, Italian, Imported Food"
https://www.yelp.com/biz/the-sushi-bar-singapore?osq=Restaurants,The Sushi Bar,4.3,41,"Sushi Bars, Japanese"
https://www.yelp.com/biz/fotia-singapore?osq=Restaurants,Fotia,5.0,1,"Greek, Seafood"
https://www.yelp.com/biz/fat-chap-singapore-3?osq=Restaurants,Fat Chap,4.0,1,"Asian Fusion, Tapas/Small Plates"
https://www.yelp.com/biz/jais-thai-vientiane-cuisine-singapore?osq=Restaurants,Jai's Thai-Vientiane Cuisine,5.0,1,Thai
https://www.yelp.com/biz/holycrab-singapore?osq=Restaurants,Holycrab,4.4,29,"Singaporean, Chinese, Seafood"
https://www.yelp.com/biz/hokkaido-ramen-santouka-singapore?osq=Restaurants,Hokkaido Ramen Santouka,4.3,59,Ramen
https://www.yelp.com/biz/ps-cafe-singapore-10?osq=Restaurants,PS Cafe,4.3,7,Pizza
https://www.yelp.com/biz/johns-pizzeria-and-bakery-singapore?osq=Restaurants,John's Pizzeria and Bakery,5.0,1,Pizza
https://www.yelp.com/biz/fat-bird-singapore?osq=Restaurants,Fat Bird,4.0,9,Chinese
https://www.yelp.com/biz/the-marmalade-pantry-singapore-5?osq=Restaurants,The Marmalade Pantry,4.5,2,"Breakfast & Brunch, Coffee & Tea, Juice Bars & Smoothies"
https://www.yelp.com/biz/hai-san-chicken-rice-singapore?osq=Restaurants,Hai San Chicken Rice,5.0,1,Chinese
https://www.yelp.com/biz/the-garden-grille-singapore?osq=Restaurants,The Garden Grille,5.0,1,"International, Breakfast & Brunch"
https://www.yelp.com/biz/fynns-singapore?osq=Restaurants,Fynn's,4.8,4,"International, Bars"
https://www.yelp.com/biz/sun-asian-bistro-singapore?osq=Restaurants,Sun Asian Bistro,5.0,1,"Restaurants, Food"
https://www.yelp.com/biz/empress-singapore?osq=Restaurants,Empress,4.4,12,"Chinese, Asian Fusion, Singaporean"
https://www.yelp.com/biz/coriander-leaf-singapore-2?osq=Restaurants,Coriander Leaf,4.3,14,Asian Fusion
https://www.yelp.com/biz/the-quarters-singapore?osq=Restaurants,The Quarters,5.0,1,"Cafes, Asian Fusion, Desserts"
https://www.yelp.com/biz/yardbird-table-and-bar-singapore?osq=Restaurants,Yardbird Table & Bar,4.3,32,"American, Bars"
https://www.yelp.com/biz/su-korean-bbq-singapore?osq=Restaurants,Su Korean BBQ,4.5,2,"Korean, Barbeque"
https://www.yelp.com/biz/going-om-singapore?osq=Restaurants,Going Om,4.3,19,"Bars, Cafes"
https://www.yelp.com/biz/lai-wah-restaurant-singapore?osq=Restaurants,Lai Wah Restaurant,4.3,3,Chinese
https://www.yelp.com/biz/dragon-phoenix-singapore?osq=Restaurants,Dragon Phoenix,4.0,5,Cantonese
https://www.yelp.com/biz/zazz-pizza-singapore?osq=Restaurants,Zazz Pizza,4.8,6,"Pizza, Italian"
https://www.yelp.com/biz/schmear-singapore?osq=Restaurants,Schmear,4.0,1,American
https://www.yelp.com/biz/pu-dong-kitchen-singapore-2?osq=Restaurants,Pu Dong Kitchen,3.4,7,Shanghainese
https://www.yelp.com/biz/kai-garden-singapore?osq=Restaurants,Kai Garden,4.4,13,"Cantonese, Dim Sum, Seafood"
https://www.yelp.com/biz/sakurazaka-singapore?osq=Restaurants,Sakurazaka,4.7,3,Japanese
https://www.yelp.com/biz/jumbo-singapore?osq=Restaurants,Jumbo,4.3,13,"Seafood, Singaporean"
https://www.yelp.com/biz/forty-hands-east-coast-singapore?osq=Restaurants,Forty Hands East Coast,4.5,2,Cafes
https://www.yelp.com/biz/ippudo-singapore-5?osq=Restaurants,Ippudo,4.5,4,Ramen
https://www.yelp.com/biz/liao-fan-hawker-chan-singapore-3?osq=Restaurants,Liao Fan Hawker Chan,3.8,164,"Noodles, Chicken Shop"
https://www.yelp.com/biz/candlenut-singapore-2?osq=Restaurants,Candlenut,4.1,61,"Asian Fusion, Singaporean, Chinese"
https://www.yelp.com/biz/fatty-cheong-toa-payoh-singapore-2?osq=Restaurants,Fatty Cheong @ Toa Payoh,5.0,2,"Meat Shops, Cantonese"
https://www.yelp.com/biz/lim-chee-guan-singapore?osq=Restaurants,Lim Chee Guan,4.3,11,"Barbeque, Specialty Food, Chinese"
https://www.yelp.com/biz/trattoria-lafiandra-singapore-2?osq=Restaurants,Trattoria Lafiandra,4.1,20,"Italian, Wine Bars"
https://www.yelp.com/biz/seiwaa-okonomiyaki-and-teppanyaki-restaurant-singapore?osq=Restaurants,Seiwaa Okonomiyaki & Teppanyaki Restaurant,4.0,5,Teppanyaki
https://www.yelp.com/biz/the-butchers-wife-singapore?osq=Restaurants,The Butcher's Wife,4.6,8,Gluten-Free
https://www.yelp.com/biz/foc-singapore?osq=Restaurants,FOC,4.3,47,"Tapas/Small Plates, Cocktail Bars, Spanish"
https://www.yelp.com/biz/ippudo-singapore-6?osq=Restaurants,Ippudo,4.2,12,Japanese
https://www.yelp.com/biz/stuttgart-blackforest-boutique-s-cafe-singapore-2?osq=Restaurants,Stuttgart Blackforest Boutique S-Cafe,4.0,2,German
https://www.yelp.com/biz/unique-pot-singapore?osq=Restaurants,Unique Pot,5.0,1,"Singaporean, Chinese"
https://www.yelp.com/biz/joan-bowen-the-special-culinary-centre-singapore?osq=Restaurants,Joan Bowen The Special Culinary Centre,5.0,1,"American, Desserts, Coffee & Tea"
https://www.yelp.com/biz/liao-fan-hawker-chan-singapore-5?osq=Restaurants,Liao Fan Hawker Chan,4.0,18,"Noodles, Cantonese"
https://www.yelp.com/biz/teochew-restaurant-huat-kee-singapore?osq=Restaurants,Teochew Restaurant Huat Kee,4.7,3,Chinese
https://www.yelp.com/biz/hong-kong-street-family-restaurant-singapore-2?osq=Restaurants,Hong Kong Street Family Restaurant,4.3,13,Cantonese
https://www.yelp.com/biz/jumbo-seafood-singapore-4?osq=Restaurants,Jumbo Seafood,3.8,216,Seafood
https://www.yelp.com/biz/hawkerman-singapore-2?osq=Restaurants,Hawkerman,4.0,1,Asian Fusion
https://www.yelp.com/biz/hortus-singapore?osq=Restaurants,Hortus,4.3,4,Mediterranean
https://www.yelp.com/biz/the-ricetable-singapore?osq=Restaurants,The RiceTable,4.3,9,Indonesian
https://www.yelp.com/biz/sawadee-thai-cuisine-singapore-2?osq=Restaurants,Sawadee Thai Cuisine,4.5,20,Thai
https://www.yelp.com/biz/isle-eating-house-singapore?osq=Restaurants,,,,
https://www.yelp.com/biz/swee-choon-tim-sum-singapore?osq=Restaurants,Swee Choon Tim Sum,4.0,86,Dim Sum
https://www.yelp.com/biz/83-seafood-restaurant-singapore?osq=Restaurants,83 Seafood Restaurant,5.0,1,Seafood
https://www.yelp.com/biz/old-airport-road-food-centre-singapore?osq=Restaurants,Old Airport Road Food Centre,4.3,67,"Hawker Centre, Food Court"
https://www.yelp.com/biz/fat-cow-singapore?osq=Restaurants,Fat Cow,4.1,41,"Japanese, Steakhouses"
https://www.yelp.com/biz/hopheads-singapore?osq=Restaurants,Hopheads,4.0,4,"Bistros, Tapas/Small Plates"
https://www.yelp.com/biz/the-reading-room-singapore?osq=Restaurants,The Reading Room,4.0,6,"Bars, Cafes"
https://www.yelp.com/biz/mrs-pho-house-rangoon-singapore?osq=Restaurants,Mrs Pho House Rangoon,4.4,7,Vietnamese
https://www.yelp.com/biz/gu-cheng-%E5%8F%A4%E5%9F%8E-singapore?osq=Restaurants,Gu Cheng 古城,4.0,1,Malaysian
https://www.yelp.com/biz/minang-house-singapore?osq=Restaurants,Minang House,4.8,4,Indonesian
https://www.yelp.com/biz/penang-seafood-restaurant-singapore?osq=Restaurants,Penang Seafood Restaurant,4.0,14,"Malaysian, Seafood"
https://www.yelp.com/biz/heart-of-darkness-singapore-singapore?osq=Restaurants,Heart of Darkness Singapore,5.0,5,"Bars, Tapas/Small Plates, Gastropubs"
https://www.yelp.com/biz/hk-street-old-chun-kee-singapore?osq=Restaurants,HK Street Old Chun Kee,4.0,1,Chinese
https://www.yelp.com/biz/nanyang-old-taste-singapore?osq=Restaurants,Nanyang Old Taste,5.0,1,Singaporean
https://www.yelp.com/biz/elllenborough-market-cafe-singapore?osq=Restaurants,Elllenborough Market Cafe,5.0,1,Buffets
https://www.yelp.com/biz/khansama-tandoori-singapore?osq=Restaurants,Khansama Tandoori,4.2,70,Indian
https://www.yelp.com/biz/song-fa-bak-kut-teh-singapore-7?osq=Restaurants,Song Fa Bak Kut Teh,4.6,21,"Soup, Chinese"
https://www.yelp.com/biz/soi-thai-soi-nice-singapore?osq=Restaurants,Soi Thai Soi Nice,4.8,4,Thai
https://www.yelp.com/biz/hung-kang-teochew-restaurant-singapore?osq=Restaurants,Hung Kang Teochew Restaurant,4.7,3,Teochew
https://www.yelp.com/biz/the-black-sheep-cafe-singapore-2?osq=Restaurants,The Black Sheep Cafe,4.4,8,"French, Bistros, Cafes"
https://www.yelp.com/biz/shamrock-cafe-singapore?osq=Restaurants,Shamrock Cafe,5.0,1,Cafes
https://www.yelp.com/biz/corner-house-singapore?osq=Restaurants,Corner House,4.5,32,Modern European
https://www.yelp.com/biz/sawasdee-singapore?osq=Restaurants,Sawasdee,4.1,9,Thai
https://www.yelp.com/biz/haikee-brothers-singapore?osq=Restaurants,Haikee Brothers,5.0,1,Singaporean
https://www.yelp.com/biz/native-kitchen-southern-islands?osq=Restaurants,Native Kitchen,5.0,1,Asian Fusion
https://www.yelp.com/biz/the-meeting-place-singapore?osq=Restaurants,The Meeting Place,5.0,3,"Street Vendors, Seafood"
https://www.yelp.com/biz/jumbo-seafood-singapore-8?osq=Restaurants,Jumbo Seafood,3.8,12,"Seafood, Singaporean"
https://www.yelp.com/biz/merci-marcel-singapore-2?osq=Restaurants,Merci Marcel,5.0,1,French
https://www.yelp.com/biz/saigon-baguette-singapore-2?osq=Restaurants,Saigon Baguette,5.0,1,Vietnamese
https://www.yelp.com/biz/five-oars-coffee-roasters-singapore-2?osq=Restaurants,Five Oars Coffee Roasters,4.7,10,"Coffee Roasteries, Breakfast & Brunch"
https://www.yelp.com/biz/souper-tang-singapore?osq=Restaurants,This site can’t be reached.,,,
https://www.yelp.com/biz/taste-paradise-singapore-3?osq=Restaurants,Taste Paradise,4.5,32,"Dim Sum, Cantonese"
https://www.yelp.com/biz/la-strada-singapore?osq=Restaurants,La Strada,4.3,18,Italian
https://www.yelp.com/biz/the-original-katong-laksa-singapore?osq=Restaurants,The Original Katong Laksa,4.6,11,Singaporean
https://www.yelp.com/biz/shanghai-ren-jia-singapore?osq=Restaurants,Shanghai Ren Jia,4.3,14,Chinese
https://www.yelp.com/biz/the-naked-finn-singapore?osq=Restaurants,The Naked Finn,4.3,19,Seafood
https://www.yelp.com/biz/io-italian-osteria-singapore?osq=Restaurants,iO Italian Osteria,4.4,19,Italian
https://www.yelp.com/biz/two-men-bagel-house-singapore?osq=Restaurants,Two Men Bagel House,4.5,84,"Bagels, Breakfast & Brunch, Sandwiches"
https://www.yelp.com/biz/herbivore-singapore?osq=Restaurants,Herbivore,4.2,17,"Vegetarian, Japanese"
https://www.yelp.com/biz/keng-eng-kee-seafood-singapore?osq=Restaurants,Keng Eng Kee Seafood,3.9,29,Seafood
https://www.yelp.com/biz/eat-3-bowls-singapore?osq=Restaurants,Eat 3 Bowls,4.0,1,Taiwanese
https://www.yelp.com/biz/lao-you-xuan-noodle-kitchen-singapore?osq=Restaurants,Lao You Xuan Noodle Kitchen,5.0,1,"Singaporean, Noodles, Soup"
https://www.yelp.com/biz/yakinikutei-ao-chan-singapore?osq=Restaurants,Yakinikutei Ao-Chan,4.8,4,Japanese
https://www.yelp.com/biz/bak-chor-mee-lorong-5-toa-payoh-singapore?osq=Restaurants,Bak Chor Mee Lorong 5 Toa Payoh,5.0,1,Food Court
https://www.yelp.com/biz/knots-cafe-and-living-singapore?osq=Restaurants,Knots Cafe & Living,4.3,7,"Coffee & Tea, Breakfast & Brunch"
https://www.yelp.com/biz/song-fa-bak-kut-teh-singapore-11?osq=Restaurants,Song Fa Bak Kut Teh,4.2,150,"Singaporean, Chinese"
https://www.yelp.com/biz/hajah-maimunah-singapore-2?osq=Restaurants,Hajah Maimunah,5.0,1,Halal
https://www.yelp.com/biz/chef-kangs-noodle-house-singapore?osq=Restaurants,Chef Kang's Noodle House,5.0,3,Noodles
https://www.yelp.com/biz/cut-singapore-2?osq=Restaurants,CUT,4.4,62,"American, Steakhouses"
https://www.yelp.com/biz/salt-grill-and-sky-bar-singapore?osq=Restaurants,Salt Grill & Sky Bar,4.0,48,"Modern European, Australian"
https://www.yelp.com/biz/sin-heng-kee-porridge-singapore?osq=Restaurants,Sin Heng Kee Porridge,4.9,14,"Singaporean, Congee"
https://www.yelp.com/biz/justin-flavours-of-asia-singapore?osq=Restaurants,JustIN Flavours of Asia,4.3,6,Singaporean
https://www.yelp.com/biz/brazil-churrasco-singapore-2?osq=Restaurants,Brazil Churrasco,4.4,19,Brazilian
https://www.yelp.com/biz/satay-by-the-bay-singapore?osq=Restaurants,Satay By The Bay,3.7,52,"Seafood, Barbeque"
https://www.yelp.com/biz/goldhill-hakka-restaurant-singapore?osq=Restaurants,Goldhill Hakka Restaurant,4.8,5,"Hakka, Seafood"
https://www.yelp.com/biz/nude-seafood-singapore-2?osq=Restaurants,NUDE Seafood,4.3,4,Seafood
https://www.yelp.com/biz/ah-tai-hainanese-chicken-rice-singapore?osq=Restaurants,Ah Tai Hainanese Chicken Rice,4.5,68,"Chicken Shop, Hainan"
https://www.yelp.com/biz/marukyu-singapore?osq=Restaurants,Marukyu,5.0,1,Japanese
https://www.yelp.com/biz/din-tai-fung-singapore-5?osq=Restaurants,Din Tai Fung,4.3,151,"Taiwanese, Dim Sum, Dumplings"
https://www.yelp.com/biz/food-republic-singapore-23?osq=Restaurants,Food Republic,4.0,1,Food Court
https://www.yelp.com/biz/il-fiore-singapore?osq=Restaurants,Il Fiore,4.0,2,Italian
https://www.yelp.com/biz/happy-tummy-singapore-2?osq=Restaurants,Happy Tummy,4.8,4,"Desserts, Salad, Cafes"
https://www.yelp.com/biz/zam-zam-restaurant-singapore?osq=Restaurants,Zam Zam Restaurant,4.0,99,"Indian, Halal"
https://www.yelp.com/biz/shabestan-singapore?osq=Restaurants,Shabestan,4.3,28,Persian/Iranian
https://www.yelp.com/biz/redpan-singapore?osq=Restaurants,Redpan,4.0,4,Singaporean
https://www.yelp.com/biz/violet-oon-satay-and-grill-singapore?osq=Restaurants,Violet Oon Satay & Grill,4.0,10,"Seafood, Singaporean"
https://www.yelp.com/biz/red-house-singapore?osq=Restaurants,Red House,3.9,30,Seafood
https://www.yelp.com/biz/grain-traders-singapore?osq=Restaurants,Grain Traders,4.1,12,Cafes
https://www.yelp.com/biz/beef-yakiniku-dining-yakiniquest-singapore?osq=Restaurants,Beef Yakiniku Dining Yakiniquest,4.5,2,"Barbeque, Yakiniku"
https://www.yelp.com/biz/public-house-singapore?osq=Restaurants,Public House,4.5,2,"Bars, Singaporean"
https://www.yelp.com/biz/aromas-of-india-singapore?osq=Restaurants,Aromas Of India,4.8,16,Indian
https://www.yelp.com/biz/tim-ho-wan-singapore-7?osq=Restaurants,Tim Ho Wan,4.3,36,"Dim Sum, Cantonese"
https://www.yelp.com/biz/the-cliff-at-sentosa-singapore?osq=Restaurants,,,,Modern European
https://www.yelp.com/biz/chimichanga-singapore?osq=Restaurants,Chimichanga,4.5,2,Mexican
https://www.yelp.com/biz/momiji-japanese-buffet-restaurant-singapore?osq=Restaurants,Momiji Japanese Buffet Restaurant,4.0,1,"Japanese, Buffets"
https://www.yelp.com/biz/muddy-murphys-singapore?osq=Restaurants,Muddy Murphy's,3.9,21,"Pubs, Irish"
https://www.yelp.com/biz/hong-kong-style-chee-cheong-fun-singapore-3?osq=Restaurants,Hong Kong Style Chee Cheong Fun,4.6,15,Chinese
https://www.yelp.com/biz/yan-kee-noodle-house-singapore?osq=Restaurants,Yan kee Noodle House,4.5,2,Noodles
https://www.yelp.com/biz/kusina-de-pinoy-singapore?osq=Restaurants,Kusina De Pinoy,4.3,3,Filipino
https://www.yelp.com/biz/curate-southern-islands?osq=Restaurants,Curate,5.0,2,Pop-Up Restaurants
https://www.yelp.com/biz/wee-nam-kee-hainanese-chicken-rice-singapore-2?osq=Restaurants,Wee Nam Kee Hainanese Chicken Rice,3.7,15,"Chicken Shop, Hainan"
https://www.yelp.com/biz/vespetta-italian-gastro-bar-singapore?osq=Restaurants,Vespetta Italian Gastro Bar,5.0,2,"Italian, Bars"
https://www.yelp.com/biz/lim-joo-hin-eating-house-singapore?osq=Restaurants,,4.0,4,Singaporean
https://www.yelp.com/biz/zhong-guo-la-mian-xiao-long-bao-singapore?osq=Restaurants,Zhong Guo La Mian Xiao Long Bao,4.5,37,"Shanghainese, Dim Sum, Noodles"
https://www.yelp.com/biz/delicious-boneless-chicken-rice-singapore-3?osq=Restaurants,Delicious Boneless Chicken Rice,4.5,21,"Chicken Shop, Hainan"
https://www.yelp.com/biz/wolf-burgers-singapore?osq=Restaurants,Wolf Burgers,4.3,15,Burgers
https://www.yelp.com/biz/padi-singapore?osq=Restaurants,Padi,5.0,4,Singaporean
https://www.yelp.com/biz/lou-shang-%E6%A5%BC%E4%B8%8A-singapore?osq=Restaurants,Lou Shang 楼上,4.0,1,Themed Cafes
https://www.yelp.com/biz/miyabi-japanese-restaurant-singapore?osq=Restaurants,Miyabi Japanese Restaurant,4.5,2,Japanese
https://www.yelp.com/biz/grazie-singapore?osq=Restaurants,Grazie,4.5,2,Italian
https://www.yelp.com/biz/two-men-bagel-house-singapore-4?osq=Restaurants,Two Men Bagel House,4.8,22,"Breakfast & Brunch, Bagels"
https://www.yelp.com/biz/famous-sungei-road-trishaw-laksa-singapore-2?osq=Restaurants,Famous Sungei Road Trishaw Laksa,4.5,11,"Hawker Centre, Asian Fusion"
https://www.yelp.com/biz/katong-keah-kee-singapore?osq=Restaurants,Katong Keah Kee,4.5,2,"Seafood, Specialty Food, Street Vendors"
https://www.yelp.com/biz/usman-restaurant-singapore?osq=Restaurants,Usman Restaurant,3.9,39,Indian
https://www.yelp.com/biz/hainanese-delicacy-chicken-rice-singapore?osq=Restaurants,Hainanese Delicacy Chicken Rice,4.3,41,"Chicken Shop, Hainan"
https://www.yelp.com/biz/lighthouse-bistro-singapore?osq=Restaurants,Lighthouse Bistro,5.0,1,Bistros
https://www.yelp.com/biz/lang-nuong-viet-nam-singapore?osq=Restaurants,Lang Nuong Viet Nam,3.4,7,"Vietnamese, Barbeque"
https://www.yelp.com/biz/vatos-urban-tacos-singapore?osq=Restaurants,Vatos Urban Tacos,3.9,93,Mexican
https://www.yelp.com/biz/vietnamese-stall-sim-lim-square-food-court-singapore?osq=Restaurants,Vietnamese Stall - Sim Lim Square Food Court,4.3,4,Vietnamese
https://www.yelp.com/biz/founder-bak-kut-teh-no-title?osq=Restaurants,Founder Bak Kut Teh,4.3,15,Singaporean
https://www.yelp.com/biz/tanglin-food-hall-singapore?osq=Restaurants,Tanglin Food Hall,4.0,4,Food Court
https://www.yelp.com/biz/earlybird-singapore?osq=Restaurants,Earlybird,4.5,11,"Cafes, Breakfast & Brunch"
https://www.yelp.com/biz/coriander-leaf-grill-singapore?osq=Restaurants,Coriander Leaf Grill,4.5,2,"Asian Fusion, Bars"
https://www.yelp.com/biz/wee-nam-kee-chicken-rice-singapore?osq=Restaurants,Wee Nam Kee Chicken Rice,4.3,54,"Chicken Shop, Hainan"
https://www.yelp.com/biz/three-buns-singapore-2?osq=Restaurants,Three Buns,4.4,11,"Burgers, Cocktail Bars"
https://www.yelp.com/biz/jai-thai-singapore-2?osq=Restaurants,Jai Thai,3.8,17,Thai
https://www.yelp.com/biz/the-boiler-seafood-bar-and-beer-singapore?osq=Restaurants,The BOILER Seafood Bar & Beer,4.1,17,"Seafood, Bars"
https://www.yelp.com/biz/ji-ji-wanton-noodle-specialist-singapore?osq=Restaurants,Ji Ji Wanton Noodle Specialist,4.5,8,Chinese
https://www.yelp.com/biz/dian-xiao-er-singapore-5?osq=Restaurants,Dian Xiao Er,5.0,3,Chinese
https://www.yelp.com/biz/lau-pa-sat-singapore?osq=Restaurants,Lau Pa Sat,4.5,12,"Singaporean, Chinese, Indian"
https://www.yelp.com/biz/a-noodle-story-singapore?osq=Restaurants,A Noodle Story,4.4,30,"Food Stands, Ramen, Singaporean"
https://www.yelp.com/biz/joo-bar-singapore?osq=Restaurants,Joo Bar,4.1,10,Korean
https://www.yelp.com/biz/the-garden-sentosa-singapore?osq=Restaurants,The Garden @ Sentosa,5.0,2,Modern European
https://www.yelp.com/biz/national-kitchen-by-violet-oon-singapore-2?osq=Restaurants,National Kitchen By Violet Oon,4.4,58,"Asian Fusion, Singaporean"
https://www.yelp.com/biz/almost-famous-singapore?osq=Restaurants,Almost Famous,5.0,1,"Singaporean, Beer Bar"
https://www.yelp.com/biz/tian-tian-seafood-restaurant-singapore?osq=Restaurants,Tian Tian Seafood Restaurant,4.7,3,"Seafood, Chinese"
https://www.yelp.com/biz/caffe-fernet-singapura?osq=Restaurants,Caffe Fernet,4.5,4,"Italian, Cocktail Bars"
https://www.yelp.com/biz/ya-hua-bak-kut-teh-singapore-3?osq=Restaurants,Ya Hua Bak Kut Teh,5.0,1,Chinese
https://www.yelp.com/biz/the-clueless-goat-singapore?osq=Restaurants,The Clueless Goat,3.9,17,"Coffee & Tea, Breakfast & Brunch"
https://www.yelp.com/biz/craftsmen-specialty-coffee-singapore-4?osq=Restaurants,Craftsmen Specialty Coffee,5.0,7,"Coffee & Tea, Breakfast & Brunch, Juice Bars & Smoothies"
https://www.yelp.com/biz/house-of-peranakan-petit-singapore-3?osq=Restaurants,,,,
https://www.yelp.com/biz/kazu-sumiyaki-singapore?osq=Restaurants,Kazu Sumiyaki,4.5,18,Japanese
https://www.yelp.com/biz/shukuu-izakaya-singapore?osq=Restaurants,ShuKuu Izakaya,4.2,11,Izakaya
https://www.yelp.com/biz/old-chengdu-sichuan-cuisine-singapore?osq=Restaurants,Old Chengdu Sichuan Cuisine,4.1,12,"Szechuan, Imported Food"
https://www.yelp.com/biz/hambaobao-singapore?osq=Restaurants,Hambaobao,4.3,10,Burgers
https://www.yelp.com/biz/blue-lotus-chinese-eating-house-quayside-isle?osq=Restaurants,Blue Lotus Chinese Eating House,4.3,6,Chinese
https://www.yelp.com/biz/syip-singapore?osq=Restaurants,SYIP,4.0,1,"Breakfast & Brunch, Coffee & Tea"
https://www.yelp.com/biz/tai-liok-claypot-chicken-rice-singapore?osq=Restaurants,Tai Liok Claypot Chicken Rice,5.0,1,"Street Vendors, Chinese"
https://www.yelp.com/biz/tai-hwa-pork-noodle-singapore?osq=Restaurants,Tai Hwa Pork Noodle,4.1,96,"Chinese, Noodles"
https://www.yelp.com/biz/march%C3%A9-singapore-3?osq=Restaurants,Marché,4.0,22,Restaurants
https://www.yelp.com/biz/song-fa-bak-kut-teh-singapore-6?osq=Restaurants,Song Fa Bak Kut Teh,4.6,53,"Chinese, Singaporean"
https://www.yelp.com/biz/everest-kitchen-singapore-2?osq=Restaurants,Everest Kitchen,4.0,7,"Himalayan/Nepalese, Indian"
https://www.yelp.com/biz/da-paolo-gastronomia-marina-bay-sands-singapore?osq=Restaurants,Da Paolo Gastronomia - Marina Bay Sands,4.3,8,"Italian, Desserts, Coffee & Tea"
https://www.yelp.com/biz/once-upon-a-thyme-singapore?osq=Restaurants,Once Upon A Thyme,4.4,7,"Street Vendors, Italian"
https://www.yelp.com/biz/marina-food-court-singapore?osq=Restaurants,Marina Food Court,5.0,1,"Coffee & Tea, Cafes"
https://www.yelp.com/biz/sungei-road-laksa-singapore-2?osq=Restaurants,Sungei Road Laksa,4.4,88,"Singaporean, Chinese, Noodles"
https://www.yelp.com/biz/blu-kouzina-singapore-2?osq=Restaurants,Blu Kouzina,4.5,28,"Mediterranean, Greek"
https://www.yelp.com/biz/colony-singapore-2?osq=Restaurants,Colony,4.5,32,"Indian, Chinese, Malaysian"
https://www.yelp.com/biz/astons-specialities-singapore-3?osq=Restaurants,Astons Specialities,4.4,7,"American, Steakhouses"
https://www.yelp.com/biz/rempapa-singapore?osq=Restaurants,Rempapa,5.0,3,Singaporean
https://www.yelp.com/biz/shi-hui-yuan-original-singapore-hor-fun-singapore?osq=Restaurants,Shi Hui Yuan Original Singapore Hor Fun,5.0,2,"Hawker Centre, Singaporean"
https://www.yelp.com/biz/sidewalk-food-place-singapore?osq=Restaurants,Sidewalk Food Place,4.0,1,Food Court
https://www.yelp.com/biz/man-man-japanese-unagi-singapore?osq=Restaurants,Man Man Japanese Unagi,4.7,22,Japanese
https://www.yelp.com/biz/joyden-treasures-singapore?osq=Restaurants,Joyden Treasures,4.5,4,Chinese
https://www.yelp.com/biz/the-banana-leaf-apolo-singapore-2?osq=Restaurants,The Banana Leaf Apolo,3.9,49,"Indian, Asian Fusion"
https://www.yelp.com/biz/eggslut-singapore?osq=Restaurants,Eggslut,3.4,5,"Sandwiches, Breakfast & Brunch"
https://www.yelp.com/biz/french-ladle-singapore?osq=Restaurants,French Ladle,4.8,5,French
https://www.yelp.com/biz/grannys-pancake-singapore?osq=Restaurants,Granny's Pancake,4.0,1,"Breakfast & Brunch, Coffee & Tea"
https://www.yelp.com/biz/tian-tian-hainanese-chicken-rice-singapore-7?osq=Restaurants,Tian Tian Hainanese Chicken Rice,3.9,433,"Hainan, Chicken Shop"
https://www.yelp.com/biz/ya-hua-bak-kut-teh-singapore-2?osq=Restaurants,Ya Hua Bak Kut Teh,4.3,13,Chinese
https://www.yelp.com/biz/zhong-hua-steamboat-singapore?osq=Restaurants,Zhong Hua Steamboat,5.0,2,Chinese
https://www.yelp.com/biz/enchanted-cafe-singapore?osq=Restaurants,Enchanted Cafe,4.7,3,Cafes
https://www.yelp.com/biz/newton-tian-xiang-big-prawn-noodle-singapore?osq=Restaurants,Newton Tian Xiang Big Prawn Noodle,4.5,2,Noodles
https://www.yelp.com/biz/pistachio-singapore-3?osq=Restaurants,Pistachio,4.3,15,"Mediterranean, Middle Eastern"
https://www.yelp.com/biz/mangiamo-pizzeria-singapore?osq=Restaurants,Mangiamo Pizzeria,4.3,3,"Italian, Pizza"
https://www.yelp.com/biz/jiang-nan-chun-singapore?osq=Restaurants,Jiang-Nan Chun,4.3,9,Chinese
https://www.yelp.com/biz/brunches-cafe-singapore-3?osq=Restaurants,Brunches Cafe,4.3,29,"Coffee & Tea, Bakeries, Breakfast & Brunch"
https://www.yelp.com/biz/ki-sho-singapore?osq=Restaurants,Ki-sho,4.8,12,"Japanese, Sushi Bars"
https://www.yelp.com/biz/happy-crab-singapore?osq=Restaurants,Happy Crab,4.2,12,"Seafood, Singaporean"
https://www.yelp.com/biz/jb-ah-meng-singapore?osq=Restaurants,JB Ah Meng,4.6,25,"Chinese, Seafood"
https://www.yelp.com/biz/skirt-no-title?osq=Restaurants,SKIRT,3.9,9,"Seafood, Steakhouses"
