name,url,rate,rank,food_type,place,price_type,comment_num,comment_5star,comment_4star,comment_3star,comment_2star,comment_1star,food_score,service_score,affordable_score,atmosphere_score
Origin + Bloom,https://cn.tripadvisor.com/Restaurant_Review-g294265-d23267273-Reviews-Origin_Bloom-Singapore.html,5,1,"咖啡馆, 健康餐饮",中区/城区,¥¥ - ¥¥¥,145,140,4,0,0,1,4.9,5,4.6,4.8
Chocoelf,https://cn.tripadvisor.com/Restaurant_Review-g294265-d23968070-Reviews-Chocoelf-Singapore.html,5,2,"咖啡馆, 新加坡菜",None,¥¥ - ¥¥¥,143,126,16,1,0,0,4.8,4.7,4.5,4.7
Bar Square,https://cn.tripadvisor.com/Restaurant_Review-g294265-d23071815-Reviews-Bar_Square-Singapore.html,5,3,"酒吧餐, 红酒吧",中区/城区,¥¥¥¥,120,109,7,1,0,3,4.9,5,4.9,4.9
Tolido's Espresso Nook,https://cn.tripadvisor.com/Restaurant_Review-g294265-d5860878-Reviews-Tolido_s_Espresso_Nook-Singapore.html,4.5,4,"意餐, 美式烹饪",Crawford,¥¥ - ¥¥¥,397,263,96,24,10,4,4.5,4.5,4.4,4.6
Takagi Ramen - 51@AMK (OPP AMK HUB)-,https://cn.tripadvisor.com/Restaurant_Review-g294265-d12605183-Reviews-Takagi_Ramen_51_AMK_OPP_AMK_HUB-Singapore.html,4.5,5,"日式料理, 亚洲料理",宏茂桥镇中心,¥,126,85,28,9,1,3,None,None,None,None
Tiong Bahru Food Centre,https://cn.tripadvisor.com/Restaurant_Review-g294265-d3470146-Reviews-Tiong_Bahru_Food_Centre-Singapore.html,4.5,6,"中餐, 亚洲料理",红山 (Bukit Merah),¥,459,218,191,43,3,4,4.5,3.7,4.7,4
Tiong Bahru Bakery,https://cn.tripadvisor.com/Restaurant_Review-g294265-d3543833-Reviews-Tiong_Bahru_Bakery-Singapore.html,4,6,"法餐, 咖啡馆",红山 (Bukit Merah),¥¥ - ¥¥¥,721,341,259,79,10,32,4.4,4,3.8,3.8
Old Airport Rd Food Centre,https://cn.tripadvisor.com/Restaurant_Review-g294265-d1146830-Reviews-Old_Airport_Rd_Food_Centre-Singapore.html,4.5,7,"亚洲料理, 粤菜",芽笼,¥,657,314,262,66,9,6,4.5,3.5,4.5,3.4
Sunday Folks,https://cn.tripadvisor.com/Restaurant_Review-g294265-d7348336-Reviews-Sunday_Folks-Singapore.html,4,7,咖啡馆,武吉知马,¥¥ - ¥¥¥,294,130,125,26,7,6,4.4,4,3.7,3.9
Atlas Coffeehouse,https://cn.tripadvisor.com/Restaurant_Review-g294265-d10375592-Reviews-Atlas_Coffeehouse-Singapore.html,4,8,咖啡馆,武吉知马,¥¥ - ¥¥¥,370,154,163,40,9,4,4.3,4.2,3.8,4.1
SweetSpot,https://cn.tripadvisor.com/Restaurant_Review-g294265-d3803103-Reviews-SweetSpot-Singapore.html,4.5,8,咖啡馆,中区/城区,¥¥ - ¥¥¥,257,128,103,18,5,3,4.4,4.3,4,3.9
Mei Heong Yuen Dessert,https://cn.tripadvisor.com/Restaurant_Review-g294265-d1115330-Reviews-Mei_Heong_Yuen_Dessert-Singapore.html,4,8,亚洲料理,中区/城区,¥,471,142,230,78,7,14,4.1,3.5,3.9,3.3
Chye Seng Huat Hardware,https://cn.tripadvisor.com/Restaurant_Review-g294265-d3540914-Reviews-Chye_Seng_Huat_Hardware-Singapore.html,4,9,咖啡馆,劳明达,¥¥ - ¥¥¥,293,110,130,44,7,2,4,4,3.8,4.2
Lau Pa Sat,https://cn.tripadvisor.com/Restaurant_Review-g294265-d5791814-Reviews-Lau_Pa_Sat-Singapore.html,4,10,"中餐, 印度菜",中区/城区,¥,2395,998,995,286,61,55,4.2,3.7,4.2,4.1
Ya Kun Kaya Toast,https://cn.tripadvisor.com/Restaurant_Review-g294265-d1130463-Reviews-Ya_Kun_Kaya_Toast-Singapore.html,4,10,"咖啡馆, 亚洲料理",中区/城区,¥,790,280,323,132,28,27,4.1,3.6,4.1,3.7
Plain Vanilla - Tiong Bahru,https://cn.tripadvisor.com/Restaurant_Review-g294265-d9715560-Reviews-Plain_Vanilla_Tiong_Bahru-Singapore.html,4,10,咖啡馆,红山 (Bukit Merah),¥¥ - ¥¥¥,115,45,50,13,1,6,None,None,None,None
Makansutra Gluttons Bay,https://cn.tripadvisor.com/Restaurant_Review-g294265-d1065610-Reviews-Makansutra_Gluttons_Bay-Singapore.html,4,12,"海鲜, 亚洲料理",滨海广场,¥,1161,406,512,166,43,34,4,3.4,4,4.1
Nylon Coffee Roasters,https://cn.tripadvisor.com/Restaurant_Review-g294265-d3194658-Reviews-Nylon_Coffee_Roasters-Singapore.html,4.5,12,咖啡馆,红山 (Bukit Merah),¥¥ - ¥¥¥,95,66,25,3,1,0,4.6,4.6,4.6,3.7
Tiong Bahru Bakery,https://cn.tripadvisor.com/Restaurant_Review-g294265-d4567900-Reviews-Tiong_Bahru_Bakery-Singapore.html,4,12,法餐,政府大厦,¥¥ - ¥¥¥,180,51,73,35,11,10,3.9,3.6,3.4,3.8
Pantler,https://cn.tripadvisor.com/Restaurant_Review-g294265-d7260632-Reviews-Pantler-Singapore.html,4,14,咖啡馆,中区/城区,¥¥ - ¥¥¥,70,30,30,6,2,2,None,None,None,None
Food Republic @ Wisma Atria,https://cn.tripadvisor.com/Restaurant_Review-g294265-d2102706-Reviews-Food_Republic_Wisma_Atria-Singapore.html,4,15,"中餐, 快餐",中区/城区,¥,413,129,207,57,11,9,4,3.6,4.1,3.8
YY Kafei Dian,https://cn.tripadvisor.com/Restaurant_Review-g294265-d2155448-Reviews-YY_Kafei_Dian-Singapore.html,4,15,"亚洲料理, 新加坡菜",中区/城区,¥,146,50,68,24,1,3,4.2,3.4,4.2,3.6
"The Assembly Ground, The Cathay",https://cn.tripadvisor.com/Restaurant_Review-g294265-d6899709-Reviews-The_Assembly_Ground_The_Cathay-Singapore.html,4,17,"美式烹饪, 咖啡馆",中区/城区,¥¥ - ¥¥¥,206,91,78,27,5,5,3.7,3.8,3.4,4
Birds of Paradise Gelato Boutique (Katong),https://cn.tripadvisor.com/Restaurant_Review-g294265-d11593041-Reviews-Birds_of_Paradise_Gelato_Boutique_Katong-Singapore.html,4.5,17,None,马林百列,¥¥ - ¥¥¥,148,86,39,10,6,7,None,None,None,None
Apiary,https://cn.tripadvisor.com/Restaurant_Review-g294265-d11445032-Reviews-Apiary-Singapore.html,4.5,18,咖啡馆,中区/城区,¥,58,38,16,3,1,0,None,None,None,None
Food Opera - ION Orchard,https://cn.tripadvisor.com/Restaurant_Review-g294265-d5424216-Reviews-Food_Opera_ION_Orchard-Singapore.html,4,19,"中餐, 快餐",中区/城区,¥,392,123,183,70,6,10,4.1,3.5,4,3.5
南洋老咖啡,https://cn.tripadvisor.com/Restaurant_Review-g294265-d4422093-Reviews-Nanyang_Old_Coffee-Singapore.html,4,19,"咖啡馆, 亚洲料理",中区/城区,¥,175,46,88,31,5,5,3.9,3.7,4.1,4.2
Ah-Tai Hainanese Chicken Rice,https://cn.tripadvisor.com/Restaurant_Review-g294265-d5424276-Reviews-Ah_Tai_Hainanese_Chicken_Rice-Singapore.html,4.5,20,新加坡菜,Maxwell,¥,174,81,68,21,1,3,None,None,None,None
The 100th Starbucks Store Fullerton Waterboat House,https://cn.tripadvisor.com/Restaurant_Review-g294265-d7070309-Reviews-The_100th_Starbucks_Store_Fullerton_Waterboat_House-Singapore.html,4.5,20,咖啡馆,中区/城区,¥¥ - ¥¥¥,93,45,38,8,1,1,3.8,4.2,3.6,4.5
Boulangerie Asanoya,https://cn.tripadvisor.com/Restaurant_Review-g294265-d7378390-Reviews-Boulangerie_Asanoya-Singapore.html,4,20,咖啡馆,中区/城区,¥¥ - ¥¥¥,66,17,33,13,2,1,None,None,None,None
Albert Centre Market & Food Centre,https://cn.tripadvisor.com/Restaurant_Review-g294265-d5017510-Reviews-Albert_Centre_Market_Food_Centre-Singapore.html,4,21,"中餐, 印度菜",中区/城区,¥,234,72,120,35,4,3,4.2,3.7,4.4,3.3
Toast Box,https://cn.tripadvisor.com/Restaurant_Review-g294265-d1233502-Reviews-Toast_Box-Singapore.html,4,21,"咖啡馆, 亚洲料理",None,¥,274,77,120,55,11,11,3.8,3.6,4,3.6
East Coast Lagoon Food Village,https://cn.tripadvisor.com/Restaurant_Review-g294265-d2338675-Reviews-East_Coast_Lagoon_Food_Village-Singapore.html,4,22,"海鲜, 亚洲料理",None,¥,236,94,106,25,7,4,4.4,3.8,4.3,4.2
Tiong Bahru Bakery,https://cn.tripadvisor.com/Restaurant_Review-g294265-d6840835-Reviews-Tiong_Bahru_Bakery-Singapore.html,4,22,"法餐, 咖啡馆",红山 (Bukit Merah),¥¥ - ¥¥¥,207,86,82,23,7,9,4.2,3.8,3.7,4.3
El Chido,https://cn.tripadvisor.com/Restaurant_Review-g294265-d27420427-Reviews-El_Chido-Singapore.html,5,22,墨西哥菜,None,None,9,9,0,0,0,0,None,None,None,None
Bengawan Solo,https://cn.tripadvisor.com/Restaurant_Review-g294265-d8155370-Reviews-Bengawan_Solo-Singapore.html,4,23,新加坡菜,樟宜,¥¥ - ¥¥¥,131,47,53,16,2,13,None,None,None,None
天天海南雞飯,https://cn.tripadvisor.com/Restaurant_Review-g294265-d1034236-Reviews-Tian_Tian_Hainanese_Chicken_Rice-Singapore.html,4,24,"中餐, 亚洲料理",Maxwell,¥,1470,503,569,284,62,52,4.1,3.3,4.2,3.2
328 Katong Laksa,https://cn.tripadvisor.com/Restaurant_Review-g294265-d1144394-Reviews-328_Katong_Laksa-Singapore.html,4,25,"快餐, 亚洲料理",马林百列,¥,628,208,232,110,43,35,4,3.1,3.9,3
Killiney Kopitiam,https://cn.tripadvisor.com/Restaurant_Review-g294265-d1101944-Reviews-Killiney_Kopitiam-Singapore.html,4,25,新加坡菜,中区/城区,¥,317,90,136,52,17,22,3.9,3.4,3.9,3.2
AH CHEW DESSERTS,https://cn.tripadvisor.com/Restaurant_Review-g294265-d1018324-Reviews-AH_CHEW_DESSERTS-Singapore.html,4,25,"中餐, 亚洲料理",中区/城区,¥,212,75,89,31,5,12,4.1,3.5,3.9,3.7
A Noodle Story,https://cn.tripadvisor.com/Restaurant_Review-g294265-d8787838-Reviews-A_Noodle_Story-Singapore.html,4.5,26,"中餐, 亚洲料理",中区/城区,¥,105,59,33,12,1,0,None,None,None,None
Traditional Haig Road Putu Piring,https://cn.tripadvisor.com/Restaurant_Review-g294265-d5421175-Reviews-Traditional_Haig_Road_Putu_Piring-Singapore.html,4.5,26,亚洲料理,芽笼,¥,60,43,9,6,1,1,None,None,None,None
Sungei Road Laksa,https://cn.tripadvisor.com/Restaurant_Review-g294265-d5424154-Reviews-Sungei_Road_Laksa-Singapore.html,4.5,27,"亚洲料理, 新加坡菜",中区/城区,¥,140,76,43,20,0,1,None,None,None,None
Mellower Coffee,https://cn.tripadvisor.com/Restaurant_Review-g294265-d12161884-Reviews-Mellower_Coffee-Singapore.html,4,27,咖啡馆,中区/城区,¥¥ - ¥¥¥,108,49,39,12,3,5,None,None,None,None
Paris Baguette Cafe,https://cn.tripadvisor.com/Restaurant_Review-g294265-d4131865-Reviews-Paris_Baguette_Cafe-Singapore.html,3.5,27,咖啡馆,中区/城区,¥¥ - ¥¥¥,238,58,99,40,18,23,4,3.5,3.5,3.7
Park Bench Deli,https://cn.tripadvisor.com/Restaurant_Review-g294265-d8754262-Reviews-Park_Bench_Deli-Singapore.html,4.5,28,"美式烹饪, 咖啡馆",中区/城区,¥¥ - ¥¥¥,149,70,56,18,2,3,4.3,4.2,3.6,3.8
Two Men Bagel House,https://cn.tripadvisor.com/Restaurant_Review-g294265-d7229961-Reviews-Two_Men_Bagel_House-Singapore.html,4.5,29,"美式烹饪, 咖啡馆",中区/城区,¥,127,78,36,8,2,3,None,None,None,None
Food Republic @ VivoCity,https://cn.tripadvisor.com/Restaurant_Review-g294265-d2589202-Reviews-Food_Republic_VivoCity-Singapore.html,4,30,"各国料理, 亚洲料理",Maritime Square,¥,359,125,162,46,5,21,4.2,3.7,4.1,3.9
The Three Peacocks,https://cn.tripadvisor.com/Restaurant_Review-g294265-d13170860-Reviews-The_Three_Peacocks-Singapore.html,3.5,31,"美式烹饪, 海鲜",Maritime Square,¥¥ - ¥¥¥,248,69,79,34,28,38,None,None,None,None
Amoy Street Food Centre,https://cn.tripadvisor.com/Restaurant_Review-g294265-d1094677-Reviews-Amoy_Street_Food_Centre-Singapore.html,4.5,32,"中餐, 快餐",中区/城区,¥,139,62,57,17,1,2,4.3,3.4,4.5,3.5
The Coffee Bean & Tea Leaf,https://cn.tripadvisor.com/Restaurant_Review-g294265-d4274180-Reviews-The_Coffee_Bean_Tea_Leaf-Singapore.html,4,32,咖啡馆,中区/城区,¥¥ - ¥¥¥,102,30,54,11,5,2,4,4.2,4.2,3.8
VeganBurg,https://cn.tripadvisor.com/Restaurant_Review-g294265-d2163858-Reviews-VeganBurg-Singapore.html,4,33,"美式烹饪, 快餐",None,¥¥ - ¥¥¥,181,83,73,16,5,4,4.2,4,3.8,3.9
Starbucks,https://cn.tripadvisor.com/Restaurant_Review-g294265-d2562167-Reviews-Starbucks-Singapore.html,4,34,"美式烹饪, 咖啡馆",中区/城区,¥¥ - ¥¥¥,191,52,88,30,8,13,3.6,3.8,3.6,3.9
Satay By The Bay,https://cn.tripadvisor.com/Restaurant_Review-g294265-d4131868-Reviews-Satay_By_The_Bay-Singapore.html,4,35,"海鲜, 烧烤",中区/城区,¥,1090,264,496,207,69,54,3.9,3.5,3.8,3.7
Creamier Handcrafted Ice Cream and Coffee,https://cn.tripadvisor.com/Restaurant_Review-g294265-d12486978-Reviews-Creamier_Handcrafted_Ice_Cream_and_Coffee-Singapore.html,4.5,35,咖啡馆,红山 (Bukit Merah),¥¥ - ¥¥¥,40,20,17,1,2,0,None,None,None,None
Kaveri Indian Vegetarian Restaurant - Terminal 2,https://cn.tripadvisor.com/Restaurant_Review-g294265-d5211791-Reviews-Kaveri_Indian_Vegetarian_Restaurant_Terminal_2-Singapore.html,4,36,"印度菜, 快餐",樟宜,¥¥ - ¥¥¥,208,121,47,17,9,14,4,3.6,3.8,4.4
Old Hen Coffee Bar,https://cn.tripadvisor.com/Restaurant_Review-g294265-d10127142-Reviews-Old_Hen_Coffee_Bar-Singapore.html,4,36,咖啡馆,加冷,¥¥ - ¥¥¥,44,20,15,7,2,0,None,None,None,None
Ananda Bhavan,https://cn.tripadvisor.com/Restaurant_Review-g294265-d1144421-Reviews-Ananda_Bhavan-Singapore.html,4,37,"印度菜, 亚洲料理",中区/城区,¥¥ - ¥¥¥,331,97,166,37,13,18,4,3.7,4,3.3
Llaollao Natural Frozen Yoghurt,https://cn.tripadvisor.com/Restaurant_Review-g294265-d8027035-Reviews-Llaollao_Natural_Frozen_Yoghurt-Singapore.html,4,37,None,中区/城区,¥¥ - ¥¥¥,89,40,36,9,1,3,None,None,None,None
Toast Box,https://cn.tripadvisor.com/Restaurant_Review-g294265-d7239127-Reviews-Toast_Box-Singapore.html,4,37,"咖啡馆, 亚洲料理",中区/城区,¥,88,25,41,18,1,3,None,None,None,None
Bee's Knees at The Garage,https://cn.tripadvisor.com/Restaurant_Review-g294265-d12229759-Reviews-Bee_s_Knees_at_The_Garage-Singapore.html,4,38,"咖啡馆, 各国料理",None,¥¥ - ¥¥¥,215,66,87,35,16,11,3.9,3.8,3.6,3.9
La Ristrettos,https://cn.tripadvisor.com/Restaurant_Review-g294265-d5860802-Reviews-La_Ristrettos-Singapore.html,4,39,咖啡馆,Novena,¥¥ - ¥¥¥,64,30,24,7,1,2,None,None,None,None
Zion Road Food Centre,https://cn.tripadvisor.com/Restaurant_Review-g294265-d796744-Reviews-Zion_Road_Food_Centre-Singapore.html,4,40,"亚洲料理, 新加坡菜",None,¥,137,51,61,21,2,2,4.5,3.9,4.7,3.8
Rasapura Masters,https://cn.tripadvisor.com/Restaurant_Review-g294265-d3935279-Reviews-Rasapura_Masters-Singapore.html,3.5,41,"中餐, 快餐",中区/城区,¥,625,110,286,147,33,49,3.7,3.3,3.5,3.4
Pullman Bakery,https://cn.tripadvisor.com/Restaurant_Review-g294265-d4719364-Reviews-Pullman_Bakery-Singapore.html,4,41,None,滨海广场,¥,34,15,13,3,2,1,None,None,None,None
Food Republic,https://cn.tripadvisor.com/Restaurant_Review-g294265-d8658496-Reviews-Food_Republic-Singapore.html,4,42,"中餐, 亚洲料理",None,¥,256,66,117,53,10,10,None,None,None,None
Starbucks Changi Airport Terminal 1,https://cn.tripadvisor.com/Restaurant_Review-g294265-d2557801-Reviews-Starbucks_Changi_Airport_Terminal_1-Singapore.html,4,43,咖啡馆,樟宜,¥¥ - ¥¥¥,139,40,63,25,4,7,3.8,4,3.6,4.2
328 Katong Laksa,https://cn.tripadvisor.com/Restaurant_Review-g294265-d775154-Reviews-328_Katong_Laksa-Singapore.html,4,45,"亚洲料理, 新加坡菜",马林百列,¥,276,94,99,53,21,9,4.1,3.3,3.9,3.3
Starbucks,https://cn.tripadvisor.com/Restaurant_Review-g294265-d2432064-Reviews-Starbucks-Singapore.html,4,46,咖啡馆,中区/城区,¥¥ - ¥¥¥,136,36,57,31,7,5,3.9,4,3.6,4.3
Beach Road Prawn Mee Eating House,https://cn.tripadvisor.com/Restaurant_Review-g294265-d968542-Reviews-Beach_Road_Prawn_Mee_Eating_House-Singapore.html,4,47,"中餐, 亚洲料理",Frankel,¥,156,55,65,28,5,3,4.2,3.4,3.8,3.1
Laurent Bernard Chocolatier,https://cn.tripadvisor.com/Restaurant_Review-g294265-d1066256-Reviews-Laurent_Bernard_Chocolatier-Singapore.html,4,47,"咖啡馆, 欧洲",新加坡河,¥¥ - ¥¥¥,143,73,41,2,11,16,4.6,4,4.1,4.3
Project Acai,https://cn.tripadvisor.com/Restaurant_Review-g294265-d8153348-Reviews-Project_Acai-Singapore.html,4,47,None,武吉知马,¥¥ - ¥¥¥,58,30,13,10,3,2,None,None,None,None
Chateraise,https://cn.tripadvisor.com/Restaurant_Review-g294265-d10469546-Reviews-Chateraise-Singapore.html,4,48,None,Novena,¥¥ - ¥¥¥,32,10,13,5,1,3,None,None,None,None
Adam Road Food Centre,https://cn.tripadvisor.com/Restaurant_Review-g294265-d806626-Reviews-Adam_Road_Food_Centre-Singapore.html,4,49,"亚洲料理, 新加坡菜",Novena,¥,208,57,91,41,13,6,3.9,3.4,4.3,3.5
Chomp Chomp Food Centre,https://cn.tripadvisor.com/Restaurant_Review-g294265-d2338673-Reviews-Chomp_Chomp_Food_Centre-Singapore.html,4,50,"亚洲料理, 新加坡菜",Serangoon,¥,176,64,73,28,5,6,4.4,3.4,4.4,3.4
Starbucks VivoCity,https://cn.tripadvisor.com/Restaurant_Review-g294265-d7604754-Reviews-Starbucks_VivoCity-Singapore.html,4,51,咖啡馆,Maritime Square,¥¥ - ¥¥¥,66,21,28,10,4,3,None,None,None,None
Garrett Pocorn Shops,https://cn.tripadvisor.com/Restaurant_Review-g294265-d6002410-Reviews-Garrett_Pocorn_Shops-Singapore.html,4.5,52,None,中区/城区,¥¥ - ¥¥¥,84,47,27,9,0,1,None,None,None,None
Colbar,https://cn.tripadvisor.com/Restaurant_Review-g294265-d797773-Reviews-Colbar-Singapore.html,4,54,"酒吧餐, 新加坡菜",None,¥,118,33,60,20,3,2,3.9,3.7,4.1,4.6
Starbucks Orchard Point,https://cn.tripadvisor.com/Restaurant_Review-g294265-d2432068-Reviews-Starbucks_Orchard_Point-Singapore.html,4,54,"咖啡馆, 快餐",中区/城区,¥¥ - ¥¥¥,62,15,31,14,1,1,None,None,None,None
Tiong Hoe Specialty Coffee,https://cn.tripadvisor.com/Restaurant_Review-g294265-d9767560-Reviews-Tiong_Hoe_Specialty_Coffee-Singapore.html,4.5,56,咖啡馆,None,¥¥ - ¥¥¥,21,11,9,1,0,0,None,None,None,None
Flor Patisserie,https://cn.tripadvisor.com/Restaurant_Review-g294265-d5424910-Reviews-Flor_Patisserie-Singapore.html,4,56,咖啡馆,中区/城区,¥¥ - ¥¥¥,35,11,16,4,1,3,None,None,None,None
Henri Charpentier,https://cn.tripadvisor.com/Restaurant_Review-g294265-d12217483-Reviews-Henri_Charpentier-Singapore.html,4,58,咖啡馆,中区/城区,¥¥ - ¥¥¥,35,18,9,1,1,6,None,None,None,None
Old Chang Kee,https://cn.tripadvisor.com/Restaurant_Review-g294265-d5512932-Reviews-Old_Chang_Kee-Singapore.html,4,59,"快餐, 亚洲料理",中区/城区,¥,113,38,47,22,5,1,4,4,4.2,4.2
Zion Riverside Food Centre,https://cn.tripadvisor.com/Restaurant_Review-g294265-d5430588-Reviews-Zion_Riverside_Food_Centre-Singapore.html,4,60,"亚洲料理, 新加坡菜",None,¥,69,26,36,5,1,1,None,None,None,None
Balestier Market and Food Centre,https://cn.tripadvisor.com/Restaurant_Review-g294265-d7247527-Reviews-Balestier_Market_and_Food_Centre-Singapore.html,4,61,"亚洲料理, 新加坡菜",Novena,¥,106,34,40,30,1,1,None,None,None,None
Craftsmen Coffee - Clarke Quay Central,https://cn.tripadvisor.com/Restaurant_Review-g294265-d15702894-Reviews-Craftsmen_Coffee_Clarke_Quay_Central-Singapore.html,4.5,61,咖啡馆,新加坡河,¥¥ - ¥¥¥,26,15,6,4,0,1,None,None,None,None
Coocaça,https://cn.tripadvisor.com/Restaurant_Review-g294265-d13956191-Reviews-Coocaca-Singapore.html,4.5,61,"各国料理, 健康餐饮",中区/城区,¥,21,16,4,0,0,1,None,None,None,None
Two Men Bagel House,https://cn.tripadvisor.com/Restaurant_Review-g294265-d14128637-Reviews-Two_Men_Bagel_House-Singapore.html,4.5,62,"美式烹饪, 咖啡馆",Novena,¥¥ - ¥¥¥,48,37,7,1,2,1,None,None,None,None
Tuxedo Cafe & Patisserie,https://cn.tripadvisor.com/Restaurant_Review-g294265-d5430640-Reviews-Tuxedo_Cafe_Patisserie-Singapore.html,4,62,咖啡馆,中区/城区,¥¥ - ¥¥¥,57,23,22,6,1,5,None,None,None,None
Rich and Good Cake Shop,https://cn.tripadvisor.com/Restaurant_Review-g294265-d2335744-Reviews-Rich_and_Good_Cake_Shop-Singapore.html,3.5,62,新加坡菜,阿拉伯街,¥,53,16,15,13,2,7,None,None,None,None
Food Republic @ 313@Somerset,https://cn.tripadvisor.com/Restaurant_Review-g294265-d5424891-Reviews-Food_Republic_313_Somerset-Singapore.html,4,63,"亚洲料理, 泰国菜",中区/城区,¥,152,44,75,24,1,8,None,None,None,None
Toast Box Bugis Junction,https://cn.tripadvisor.com/Restaurant_Review-g294265-d7115951-Reviews-Toast_Box_Bugis_Junction-Singapore.html,4,64,"咖啡馆, 快餐",中区/城区,¥,110,30,50,25,3,2,None,None,None,None
YA Kun Family Cafe,https://cn.tripadvisor.com/Restaurant_Review-g294265-d7307630-Reviews-YA_Kun_Family_Cafe-Singapore.html,4,65,"咖啡馆, 亚洲料理",中区/城区,¥,56,18,23,11,1,3,None,None,None,None
Paris Baguette - T2,https://cn.tripadvisor.com/Restaurant_Review-g294265-d6593709-Reviews-Paris_Baguette_T2-Singapore.html,3.5,65,咖啡馆,樟宜,¥¥ - ¥¥¥,71,16,21,19,4,11,3.6,3.5,3.4,3.2
Maison Kayser,https://cn.tripadvisor.com/Restaurant_Review-g294265-d3753196-Reviews-Maison_Kayser-Singapore.html,3.5,66,"法餐, 咖啡馆",中区/城区,¥¥ - ¥¥¥,68,22,22,8,4,12,4,3.6,3.4,3.5
Soon Heng Rojak @ Gourmet Paradise Food Court,https://cn.tripadvisor.com/Restaurant_Review-g294265-d1215173-Reviews-Soon_Heng_Rojak_Gourmet_Paradise_Food_Court-Singapore.html,4,67,"亚洲料理, 新加坡菜",大巴窑,¥,112,49,41,13,4,5,4.1,3.5,4,3.2
Percolate,https://cn.tripadvisor.com/Restaurant_Review-g294265-d8417543-Reviews-Percolate-Singapore.html,4.5,67,咖啡馆,勿洛北,¥¥ - ¥¥¥,32,12,16,4,0,0,None,None,None,None
Isteaks Diner,https://cn.tripadvisor.com/Restaurant_Review-g294265-d10454825-Reviews-Isteaks_Diner-Singapore.html,4.5,70,牛排馆,武吉知马,¥¥ - ¥¥¥,55,20,31,2,2,0,None,None,None,None
Outram Park Fried Kway Teow Mee,https://cn.tripadvisor.com/Restaurant_Review-g294265-d4877757-Reviews-Outram_Park_Fried_Kway_Teow_Mee-Singapore.html,4,71,"亚洲料理, 新加坡菜",中区/城区,¥,72,28,24,18,2,0,None,None,None,None
Craftsmen Coffee - Siglap,https://cn.tripadvisor.com/Restaurant_Review-g294265-d7157410-Reviews-Craftsmen_Coffee_Siglap-Singapore.html,4,71,咖啡馆,Frankel,¥¥ - ¥¥¥,96,30,33,19,7,7,3.9,3.3,3.4,3.8
Nam Nam Noodle Bar,https://cn.tripadvisor.com/Restaurant_Review-g294265-d3730433-Reviews-Nam_Nam_Noodle_Bar-Singapore.html,3.5,72,"亚洲料理, 越南菜",中区/城区,¥,240,61,93,58,16,12,None,None,None,None
4 Fingers Crispy Chicken,https://cn.tripadvisor.com/Restaurant_Review-g294265-d3856324-Reviews-4_Fingers_Crispy_Chicken-Singapore.html,4,73,快餐,中区/城区,¥,192,65,67,32,13,15,4,3.7,3.6,3.5
Sofi Cafe Pizza,https://cn.tripadvisor.com/Restaurant_Review-g294265-d15880992-Reviews-Sofi_Cafe_Pizza-Singapore.html,4.5,73,"意餐, 披萨",中区/城区,¥¥ - ¥¥¥,25,16,6,1,0,2,None,None,None,None
O'ma Spoon,https://cn.tripadvisor.com/Restaurant_Review-g294265-d8127470-Reviews-O_ma_Spoon-Singapore.html,4,74,"咖啡馆, 亚洲料理",中区/城区,¥¥ - ¥¥¥,48,18,17,10,2,1,None,None,None,None
Free The Robot,https://cn.tripadvisor.com/Restaurant_Review-g294265-d11489315-Reviews-Free_The_Robot-Singapore.html,4,76,咖啡馆,中区/城区,¥¥ - ¥¥¥,58,23,25,6,4,0,None,None,None,None
%Arabica,https://cn.tripadvisor.com/Restaurant_Review-g294265-d17540955-Reviews-Arabica-Singapore.html,3.5,76,"意餐, 日式料理",阿拉伯街,¥,53,15,19,12,3,4,None,None,None,None
Hvala Waffle Bar,https://cn.tripadvisor.com/Restaurant_Review-g294265-d12908378-Reviews-Hvala_Waffle_Bar-Singapore.html,4,76,"日式料理, 咖啡馆",中区/城区,¥¥ - ¥¥¥,29,14,10,3,0,2,None,None,None,None
The Coffee Bean & Tea Leaf,https://cn.tripadvisor.com/Restaurant_Review-g294265-d5430847-Reviews-The_Coffee_Bean_Tea_Leaf-Singapore.html,4,77,咖啡馆,中区/城区,¥,51,9,28,11,1,2,None,None,None,None
Moghul Sweets,https://cn.tripadvisor.com/Restaurant_Review-g294265-d11803564-Reviews-Moghul_Sweets-Singapore.html,3.5,77,印度菜,中区/城区,¥,33,13,11,1,2,6,None,None,None,None
Starbucks,https://cn.tripadvisor.com/Restaurant_Review-g294265-d12535316-Reviews-Starbucks-Singapore.html,4,78,咖啡馆,中区/城区,¥¥ - ¥¥¥,38,16,11,7,2,2,None,None,None,None
Takashimaya Food Village,https://cn.tripadvisor.com/Restaurant_Review-g294265-d5985295-Reviews-Takashimaya_Food_Village-Singapore.html,4,79,"中餐, 日式料理",中区/城区,¥,174,48,72,35,10,9,3.8,3.5,3.7,3.4
Salted Caramel,https://cn.tripadvisor.com/Restaurant_Review-g294265-d9455644-Reviews-Salted_Caramel-Singapore.html,4,79,咖啡馆,Bishan,¥,28,9,15,3,0,1,None,None,None,None
Starbucks,https://cn.tripadvisor.com/Restaurant_Review-g294265-d13513877-Reviews-Starbucks-Singapore.html,4,79,咖啡馆,圣淘沙,¥¥ - ¥¥¥,33,10,15,6,1,1,None,None,None,None
PAZZION Cafe,https://cn.tripadvisor.com/Restaurant_Review-g294265-d17382052-Reviews-PAZZION_Cafe-Singapore.html,4.5,80,"咖啡馆, 熟食店",樟宜,¥,37,26,7,2,0,2,4.1,3.9,3.7,4.2
Patisserieg,https://cn.tripadvisor.com/Restaurant_Review-g294265-d5423770-Reviews-Patisserieg-Singapore.html,4,80,"法餐, 咖啡馆",滨海广场,¥¥ - ¥¥¥,37,9,15,10,3,0,None,None,None,None
Zhen Zhen Porridge,https://cn.tripadvisor.com/Restaurant_Review-g294265-d1973597-Reviews-Zhen_Zhen_Porridge-Singapore.html,4,81,亚洲料理,Maxwell,¥,70,36,19,12,2,1,4.3,3.3,4.4,3.6
The Food Peeps Coffee & Deli,https://cn.tripadvisor.com/Restaurant_Review-g294265-d20324301-Reviews-The_Food_Peeps_Coffee_Deli-Singapore.html,5,82,"咖啡馆, 亚洲料理",中区/城区,¥¥ - ¥¥¥,15,14,1,0,0,0,None,None,None,None
Chin Mee Chin Confectionery,https://cn.tripadvisor.com/Restaurant_Review-g294265-d3578697-Reviews-Chin_Mee_Chin_Confectionery-Singapore.html,3.5,83,"咖啡馆, 新加坡菜",马林百列,¥,87,21,31,22,5,8,3.7,2.9,3.6,3.7
Old Amoy Chendol,https://cn.tripadvisor.com/Restaurant_Review-g294265-d15869996-Reviews-Old_Amoy_Chendol-Singapore.html,4.5,84,"亚洲料理, 新加坡菜",中区/城区,None,18,11,5,1,0,1,None,None,None,None
Ice Lab,https://cn.tripadvisor.com/Restaurant_Review-g294265-d10182739-Reviews-Ice_Lab-Singapore.html,4,85,"咖啡馆, 亚洲料理",中区/城区,¥¥ - ¥¥¥,59,24,15,9,8,3,None,None,None,None
Tamoya Udon Singapore,https://cn.tripadvisor.com/Restaurant_Review-g294265-d4131810-Reviews-Tamoya_Udon_Singapore-Singapore.html,4,86,日式料理,中区/城区,¥¥ - ¥¥¥,77,25,32,15,2,3,3.7,3.4,3.7,3.2
Plain Vanilla Bakery,https://cn.tripadvisor.com/Restaurant_Review-g294265-d10748052-Reviews-Plain_Vanilla_Bakery-Singapore.html,4.5,86,咖啡馆,None,¥¥ - ¥¥¥,18,9,8,1,0,0,None,None,None,None
Blanco Court Prawn Noodle,https://cn.tripadvisor.com/Restaurant_Review-g294265-d2192665-Reviews-Blanco_Court_Prawn_Noodle-Singapore.html,4,87,"中餐, 亚洲料理",阿拉伯街,¥,98,40,35,16,3,4,4.1,3.4,4,3.6
Godiva,https://cn.tripadvisor.com/Restaurant_Review-g294265-d8155369-Reviews-Godiva-Singapore.html,4.5,87,None,中区/城区,¥¥ - ¥¥¥,31,19,7,3,2,0,None,None,None,None
Ya Kun Kaya Toast,https://cn.tripadvisor.com/Restaurant_Review-g294265-d12259293-Reviews-Ya_Kun_Kaya_Toast-Singapore.html,4.5,88,咖啡馆,中区/城区,¥,39,17,18,4,0,0,None,None,None,None
Highlander Coffee Pte Ltd,https://cn.tripadvisor.com/Restaurant_Review-g294265-d3540913-Reviews-Highlander_Coffee_Pte_Ltd-Singapore.html,4.5,88,咖啡馆,None,¥¥ - ¥¥¥,27,16,8,2,1,0,4.5,4.8,4.5,4.5
Plain Vanilla - Telok Ayer,https://cn.tripadvisor.com/Restaurant_Review-g294265-d15566424-Reviews-Plain_Vanilla_Telok_Ayer-Singapore.html,4,89,咖啡馆,中区/城区,¥¥ - ¥¥¥,28,9,11,4,4,0,None,None,None,None
Lao Ban Soya Beancurd,https://cn.tripadvisor.com/Restaurant_Review-g294265-d5423940-Reviews-Lao_Ban_Soya_Beancurd-Singapore.html,4.5,91,"中餐, 亚洲料理",芽笼,¥,52,30,15,6,0,1,None,None,None,None
Honeymoon Dessert,https://cn.tripadvisor.com/Restaurant_Review-g294265-d5874453-Reviews-Honeymoon_Dessert-Singapore.html,4,92,"咖啡馆, 亚洲料理",Maritime Square,¥¥ - ¥¥¥,29,10,15,3,1,0,None,None,None,None
Baristart Coffee Singapore (Tras Street),https://cn.tripadvisor.com/Restaurant_Review-g294265-d15816768-Reviews-Baristart_Coffee_Singapore_Tras_Street-Singapore.html,4,92,"日式料理, 咖啡馆",中区/城区,¥¥ - ¥¥¥,50,18,18,5,4,5,None,None,None,None
Ananda Bhavan,https://cn.tripadvisor.com/Restaurant_Review-g294265-d3627075-Reviews-Ananda_Bhavan-Singapore.html,3.5,93,"印度菜, 快餐",劳明达,¥¥ - ¥¥¥,288,62,132,48,23,23,3.8,3.7,3.7,3.2
Old Hen Kitchen,https://cn.tripadvisor.com/Restaurant_Review-g294265-d12799889-Reviews-Old_Hen_Kitchen-Singapore.html,4.5,94,咖啡馆,加冷,¥¥ - ¥¥¥,31,13,15,3,0,0,None,None,None,None
Dutch Colony Coffee Shop,https://cn.tripadvisor.com/Restaurant_Review-g294265-d13353150-Reviews-Dutch_Colony_Coffee_Shop-Singapore.html,4,94,咖啡馆,新加坡河,¥¥ - ¥¥¥,38,12,15,7,2,2,None,None,None,None
McDonald's Changi Airport Terminal 3,https://cn.tripadvisor.com/Restaurant_Review-g294265-d5788494-Reviews-McDonald_s_Changi_Airport_Terminal_3-Singapore.html,4,95,"美式烹饪, 快餐",樟宜,¥,80,23,39,12,2,4,None,None,None,None
Singapore Food Street Changi Airport T3,https://cn.tripadvisor.com/Restaurant_Review-g294265-d8325401-Reviews-Singapore_Food_Street_Changi_Airport_T3-Singapore.html,3.5,97,"中餐, 快餐",樟宜,¥,194,45,81,40,9,19,None,None,None,None
Drips Bakery Cafe,https://cn.tripadvisor.com/Restaurant_Review-g294265-d2538714-Reviews-Drips_Bakery_Cafe-Singapore.html,3.5,97,咖啡馆,红山 (Bukit Merah),¥¥ - ¥¥¥,71,14,35,11,5,6,3.8,3.3,3.1,3.9
Awfully Chocolate,https://cn.tripadvisor.com/Restaurant_Review-g294265-d8621312-Reviews-Awfully_Chocolate-Singapore.html,4,98,咖啡馆,中区/城区,¥¥ - ¥¥¥,41,14,19,3,2,3,None,None,None,None
LiHO TEA,https://cn.tripadvisor.com/Restaurant_Review-g294265-d13306315-Reviews-LiHO_TEA-Singapore.html,4.5,98,咖啡馆,中区/城区,¥,22,12,6,3,0,1,None,None,None,None
Craftsmen Coffee - Novena,https://cn.tripadvisor.com/Restaurant_Review-g294265-d12514171-Reviews-Craftsmen_Coffee_Novena-Singapore.html,4,100,咖啡馆,Novena,¥¥ - ¥¥¥,20,5,9,5,1,0,None,None,None,None
Maddie's Kitchen,https://cn.tripadvisor.com/Restaurant_Review-g294265-d16875219-Reviews-Maddie_s_Kitchen-Singapore.html,4.5,102,"中餐, 海鲜",中区/城区,¥,32,22,5,4,0,1,None,None,None,None
2Six,https://cn.tripadvisor.com/Restaurant_Review-g294265-d10825652-Reviews-2Six-Singapore.html,4.5,102,咖啡馆,马林百列,¥¥ - ¥¥¥,19,8,8,3,0,0,None,None,None,None
Subway,https://cn.tripadvisor.com/Restaurant_Review-g294265-d5423806-Reviews-Subway-Singapore.html,4,103,快餐,中区/城区,¥,55,15,27,12,1,0,None,None,None,None
Shake Shack,https://cn.tripadvisor.com/Restaurant_Review-g294265-d17353560-Reviews-Shake_Shack-Singapore.html,3.5,104,"美式烹饪, 快餐",樟宜,¥¥ - ¥¥¥,175,43,57,43,14,18,None,None,None,None
Cake Spade,https://cn.tripadvisor.com/Restaurant_Review-g294265-d10436238-Reviews-Cake_Spade-Singapore.html,4,104,咖啡馆,中区/城区,¥¥ - ¥¥¥,48,17,17,8,1,5,None,None,None,None
Loong Fatt Tau Sar Piah,https://cn.tripadvisor.com/Restaurant_Review-g294265-d5424851-Reviews-Loong_Fatt_Tau_Sar_Piah-Singapore.html,4.5,105,None,Novena,¥,32,21,8,3,0,0,None,None,None,None
Starbucks,https://cn.tripadvisor.com/Restaurant_Review-g294265-d2432063-Reviews-Starbucks-Singapore.html,3.5,105,咖啡馆,中区/城区,¥¥ - ¥¥¥,46,9,23,9,3,2,4.2,4,3.7,3.7
Maxwell Fuzhou Oyster Cake,https://cn.tripadvisor.com/Restaurant_Review-g294265-d13238831-Reviews-Maxwell_Fuzhou_Oyster_Cake-Singapore.html,4.5,106,"中餐, 亚洲料理",Maxwell,¥,22,11,10,1,0,0,None,None,None,None
St. Marc Cafe,https://cn.tripadvisor.com/Restaurant_Review-g294265-d7598679-Reviews-St_Marc_Cafe-Singapore.html,3.5,106,咖啡馆,中区/城区,¥¥ - ¥¥¥,66,15,26,20,1,4,None,None,None,None
Starbucks,https://cn.tripadvisor.com/Restaurant_Review-g294265-d7623397-Reviews-Starbucks-Singapore.html,4,107,"美式烹饪, 咖啡馆",中区/城区,¥¥ - ¥¥¥,22,6,12,4,0,0,None,None,None,None
Toastbox,https://cn.tripadvisor.com/Restaurant_Review-g294265-d5431076-Reviews-Toastbox-Singapore.html,4,108,"咖啡馆, 亚洲料理",裕廊西中央,¥,64,22,21,14,1,6,None,None,None,None
Fuel Plus+,https://cn.tripadvisor.com/Restaurant_Review-g294265-d10332588-Reviews-Fuel_Plus-Singapore.html,4.5,111,咖啡馆,Maritime Square,¥¥ - ¥¥¥,35,17,14,1,3,0,None,None,None,None
Dutch Colony Coffee Company,https://cn.tripadvisor.com/Restaurant_Review-g294265-d12288870-Reviews-Dutch_Colony_Coffee_Company-Singapore.html,3.5,112,"美式烹饪, 咖啡馆",Frankel,¥¥ - ¥¥¥,50,14,17,9,4,6,None,None,None,None
928 Yishun Laksa,https://cn.tripadvisor.com/Restaurant_Review-g294265-d8832286-Reviews-928_Yishun_Laksa-Singapore.html,4.5,113,"亚洲料理, 新加坡菜",义顺中央,¥,34,19,11,2,1,1,None,None,None,None
Dulcet & Studio,https://cn.tripadvisor.com/Restaurant_Review-g294265-d3244337-Reviews-Dulcet_Studio-Singapore.html,4,113,咖啡馆,新加坡河,¥¥ - ¥¥¥,39,10,18,7,3,1,None,None,None,None
Costa Coffee,https://cn.tripadvisor.com/Restaurant_Review-g294265-d6870482-Reviews-Costa_Coffee-Singapore.html,4,113,咖啡馆,Maritime Square,¥¥ - ¥¥¥,33,14,11,5,3,0,None,None,None,None
McDonald’s,https://cn.tripadvisor.com/Restaurant_Review-g294265-d9975530-Reviews-McDonald_s-Singapore.html,3.5,114,"美式烹饪, 咖啡馆",中区/城区,¥,154,33,52,49,9,11,None,None,None,None
Starbucks,https://cn.tripadvisor.com/Restaurant_Review-g294265-d8325433-Reviews-Starbucks-Singapore.html,4,114,咖啡馆,樟宜,¥¥ - ¥¥¥,25,8,7,9,1,0,None,None,None,None
McDonald's,https://cn.tripadvisor.com/Restaurant_Review-g294265-d5424286-Reviews-McDonald_s-Singapore.html,4,116,"美式烹饪, 快餐",中区/城区,¥,44,10,25,8,1,0,None,None,None,None
Cedele,https://cn.tripadvisor.com/Restaurant_Review-g294265-d3589207-Reviews-Cedele-Singapore.html,4,117,"咖啡馆, 各国料理",中区/城区,¥¥ - ¥¥¥,45,13,22,8,1,1,4.2,3.5,3.7,3.2
Ion Orchard,https://cn.tripadvisor.com/Restaurant_Review-g294265-d7593095-Reviews-Ion_Orchard-Singapore.html,4,119,"亚洲料理, 新加坡菜",中区/城区,¥,50,14,25,7,2,2,None,None,None,None
Starbucks,https://cn.tripadvisor.com/Restaurant_Review-g294265-d5424302-Reviews-Starbucks-Singapore.html,3.5,119,咖啡馆,中区/城区,¥¥ - ¥¥¥,34,9,13,9,0,3,None,None,None,None
Flash Coffee,https://cn.tripadvisor.com/Restaurant_Review-g294265-d21272206-Reviews-Flash_Coffee-Singapore.html,4.5,121,咖啡馆,中区/城区,¥,11,10,0,0,0,1,None,None,None,None
Ben's Cookies,https://cn.tripadvisor.com/Restaurant_Review-g294265-d11906711-Reviews-Ben_s_Cookies-Singapore.html,4.5,121,None,中区/城区,None,16,7,7,1,1,0,None,None,None,None
IRVINS Salted Egg (VivoCity),https://cn.tripadvisor.com/Restaurant_Review-g294265-d10737219-Reviews-IRVINS_Salted_Egg_VivoCity-Singapore.html,4,122,None,Maritime Square,¥¥ - ¥¥¥,70,29,19,14,2,6,None,None,None,None
Starbucks Coffee,https://cn.tripadvisor.com/Restaurant_Review-g294265-d7383772-Reviews-Starbucks_Coffee-Singapore.html,3.5,122,咖啡馆,滨海广场,¥¥ - ¥¥¥,37,7,16,10,4,0,None,None,None,None
Starbucks Harbourfront Centre,https://cn.tripadvisor.com/Restaurant_Review-g294265-d5430824-Reviews-Starbucks_Harbourfront_Centre-Singapore.html,4,123,咖啡馆,Maritime Square,¥¥ - ¥¥¥,27,7,12,7,1,0,None,None,None,None
Bread & Hearth,https://cn.tripadvisor.com/Restaurant_Review-g294265-d10226547-Reviews-Bread_Hearth-Singapore.html,4,124,"法餐, 咖啡馆",马林百列,¥¥ - ¥¥¥,38,15,15,5,2,1,None,None,None,None
Teppei Syokudo,https://cn.tripadvisor.com/Restaurant_Review-g294265-d9585559-Reviews-Teppei_Syokudo-Singapore.html,4,125,日式料理,滨海广场,¥¥ - ¥¥¥,65,20,25,11,5,4,None,None,None,None
The Social Space,https://cn.tripadvisor.com/Restaurant_Review-g294265-d14994372-Reviews-The_Social_Space-Singapore.html,4.5,125,咖啡馆,中区/城区,¥¥ - ¥¥¥,13,8,4,0,0,1,None,None,None,None
Auntie Anne's Soft Pretzels,https://cn.tripadvisor.com/Restaurant_Review-g294265-d23646259-Reviews-Auntie_Anne_s_Soft_Pretzels-Singapore.html,3,126,美式烹饪,樟宜,None,1,0,0,1,0,0,None,None,None,None
Tongue Tip Lanzhou Beef Noodles,https://cn.tripadvisor.com/Restaurant_Review-g294265-d16694948-Reviews-Tongue_Tip_Lanzhou_Beef_Noodles-Singapore.html,4,127,"中餐, 亚洲料理",中区/城区,¥,21,10,8,2,0,1,None,None,None,None
Stamping Ground Coffee,https://cn.tripadvisor.com/Restaurant_Review-g294265-d10757293-Reviews-Stamping_Ground_Coffee-Singapore.html,4,127,"咖啡馆, 各国料理",Frankel,¥¥ - ¥¥¥,21,6,10,3,1,1,None,None,None,None
McDonald's,https://cn.tripadvisor.com/Restaurant_Review-g294265-d805881-Reviews-McDonald_s-Singapore.html,4,128,"美式烹饪, 快餐",滨海广场,¥,71,20,26,18,3,4,3.7,3.7,3.8,3.7
Victor's Kitchen,https://cn.tripadvisor.com/Restaurant_Review-g294265-d951182-Reviews-Victor_s_Kitchen-Singapore.html,3.5,129,"中餐, 亚洲料理",中区/城区,¥,95,26,32,23,8,6,4,3.2,3.4,2.2
Shrove Tuesday,https://cn.tripadvisor.com/Restaurant_Review-g294265-d7261649-Reviews-Shrove_Tuesday-Singapore.html,4.5,129,咖啡馆,大巴窑,¥¥ - ¥¥¥,19,9,8,1,1,0,None,None,None,None
Starbucks,https://cn.tripadvisor.com/Restaurant_Review-g294265-d3855674-Reviews-Starbucks-Singapore.html,4,129,咖啡馆,樟宜,¥¥ - ¥¥¥,42,12,17,8,2,3,3.1,3.6,3.1,2.8
Carl's Jr,https://cn.tripadvisor.com/Restaurant_Review-g294265-d3856505-Reviews-Carl_s_Jr-Singapore.html,3.5,131,"美式烹饪, 快餐",滨海广场,¥,209,42,78,62,18,9,3.8,3.5,3.5,3.4
Four Seasons Cafe,https://cn.tripadvisor.com/Restaurant_Review-g294265-d2397577-Reviews-Four_Seasons_Cafe-Singapore.html,4,131,咖啡馆,中区/城区,¥,29,8,9,10,1,1,None,None,None,None
la Pizzaiola,https://cn.tripadvisor.com/Restaurant_Review-g294265-d9680971-Reviews-La_Pizzaiola-Singapore.html,4.5,133,"意餐, 披萨",None,¥¥ - ¥¥¥,26,14,9,3,0,0,None,None,None,None
Polar Puffs & Cakes,https://cn.tripadvisor.com/Restaurant_Review-g294265-d5424016-Reviews-Polar_Puffs_Cakes-Singapore.html,3,134,咖啡馆,巴西立,¥,21,6,3,5,2,5,None,None,None,None
Roast Paradise,https://cn.tripadvisor.com/Restaurant_Review-g294265-d11864675-Reviews-Roast_Paradise-Singapore.html,4,135,"中餐, 亚洲料理",芽笼,¥,35,19,10,3,1,2,None,None,None,None
The Coffee Bean & Tea Leaf,https://cn.tripadvisor.com/Restaurant_Review-g294265-d8155491-Reviews-The_Coffee_Bean_Tea_Leaf-Singapore.html,4,135,咖啡馆,樟宜,¥¥ - ¥¥¥,17,3,11,2,1,0,None,None,None,None
Windowsill Pies,https://cn.tripadvisor.com/Restaurant_Review-g294265-d15817080-Reviews-Windowsill_Pies-Singapore.html,4,135,咖啡馆,阿拉伯街,¥¥ - ¥¥¥,12,4,6,2,0,0,None,None,None,None
Hokkaido Marche,https://cn.tripadvisor.com/Restaurant_Review-g294265-d13547113-Reviews-Hokkaido_Marche-Singapore.html,4,136,"日式料理, 亚洲料理",中区/城区,¥¥ - ¥¥¥,35,8,19,5,3,0,None,None,None,None
Timbre+,https://cn.tripadvisor.com/Restaurant_Review-g294265-d10284247-Reviews-Timbre-Singapore.html,3.5,137,"酒吧餐, 各国料理",None,¥¥ - ¥¥¥,113,27,46,23,7,10,None,None,None,None
Paul,https://cn.tripadvisor.com/Restaurant_Review-g294265-d8325393-Reviews-Paul-Singapore.html,2.5,137,咖啡馆,樟宜,¥¥ - ¥¥¥,55,5,13,14,9,14,None,None,None,None
Ji Xiang Confectionery Everton Park,https://cn.tripadvisor.com/Restaurant_Review-g294265-d12165989-Reviews-Ji_Xiang_Confectionery_Everton_Park-Singapore.html,4,138,快餐,红山 (Bukit Merah),¥,17,6,8,0,2,1,None,None,None,None
Guzman y Gomez - Star Vista,https://cn.tripadvisor.com/Restaurant_Review-g294265-d8807235-Reviews-Guzman_y_Gomez_Star_Vista-Singapore.html,3.5,139,"墨西哥菜, 拉丁风味",None,¥,83,20,35,17,2,9,None,None,None,None
Teppei Syokudo,https://cn.tripadvisor.com/Restaurant_Review-g294265-d15703739-Reviews-Teppei_Syokudo-Singapore.html,5,140,"日式料理, 寿司",中区/城区,¥¥ - ¥¥¥,16,12,4,0,0,0,None,None,None,None
Kurasu,https://cn.tripadvisor.com/Restaurant_Review-g294265-d15681260-Reviews-Kurasu-Singapore.html,4,140,咖啡馆,中区/城区,¥¥ - ¥¥¥,15,8,5,0,1,1,None,None,None,None
Courtyard Cafe,https://cn.tripadvisor.com/Restaurant_Review-g294265-d12714391-Reviews-Courtyard_Cafe-Singapore.html,4,142,"咖啡馆, 亚洲料理",中区/城区,¥,39,16,11,7,3,2,None,None,None,None
Joe & Dough,https://cn.tripadvisor.com/Restaurant_Review-g294265-d10155623-Reviews-Joe_Dough-Singapore.html,3.5,143,咖啡馆,滨海广场,¥¥ - ¥¥¥,25,7,8,7,1,2,None,None,None,None
Honey Creme,https://cn.tripadvisor.com/Restaurant_Review-g294265-d7260273-Reviews-Honey_Creme-Singapore.html,4,143,None,中区/城区,¥¥ - ¥¥¥,28,8,9,9,2,0,None,None,None,None
Nasi Lemak Ayam Taliwang,https://cn.tripadvisor.com/Restaurant_Review-g294265-d15703420-Reviews-Nasi_Lemak_Ayam_Taliwang-Singapore.html,4,145,"亚洲料理, 新加坡菜",义顺,¥,36,18,6,6,2,4,None,None,None,None
Nam Nam Noodle Bar,https://cn.tripadvisor.com/Restaurant_Review-g294265-d4554228-Reviews-Nam_Nam_Noodle_Bar-Singapore.html,3.5,146,"快餐, 亚洲料理",中区/城区,¥,169,25,67,47,18,12,3.7,3.4,3.7,2.8
Victor's Kitchen,https://cn.tripadvisor.com/Restaurant_Review-g294265-d9844791-Reviews-Victor_s_Kitchen-Singapore.html,4,147,"中餐, 亚洲料理",中区/城区,¥,26,6,13,7,0,0,None,None,None,None
Tip Top,https://cn.tripadvisor.com/Restaurant_Review-g294265-d6886274-Reviews-Tip_Top-Singapore.html,4,148,"快餐, 亚洲料理",樟宜,¥,42,9,20,12,0,1,None,None,None,None
Knead to Eat Singapore,https://cn.tripadvisor.com/Restaurant_Review-g294265-d5421285-Reviews-Knead_to_Eat_Singapore-Singapore.html,4.5,149,咖啡馆,樟宜,¥,23,14,5,4,0,0,None,None,None,None
Huggs Coffee,https://cn.tripadvisor.com/Restaurant_Review-g294265-d10594434-Reviews-Huggs_Coffee-Singapore.html,4,151,咖啡馆,樟宜,None,16,9,2,3,1,1,None,None,None,None
The Goodburger,https://cn.tripadvisor.com/Restaurant_Review-g294265-d19552097-Reviews-The_Goodburger-Singapore.html,4,153,"美式烹饪, 快餐",中区/城区,¥¥ - ¥¥¥,22,15,2,2,1,2,None,None,None,None
Starbucks,https://cn.tripadvisor.com/Restaurant_Review-g294265-d13513905-Reviews-Starbucks-Singapore.html,4,154,"美式烹饪, 咖啡馆",None,¥¥ - ¥¥¥,20,3,12,4,0,1,None,None,None,None
5 The Moments Cafe,https://cn.tripadvisor.com/Restaurant_Review-g294265-d7688070-Reviews-5_The_Moments_Cafe-Singapore.html,4,154,咖啡馆,中区/城区,¥¥ - ¥¥¥,30,5,19,1,4,1,None,None,None,None
Rochor Beancurd House,https://cn.tripadvisor.com/Restaurant_Review-g294265-d788742-Reviews-Rochor_Beancurd_House-Singapore.html,4,156,亚洲料理,芽笼,¥,56,18,18,14,3,3,None,None,None,None
Starbucks,https://cn.tripadvisor.com/Restaurant_Review-g294265-d5430931-Reviews-Starbucks-Singapore.html,4,156,咖啡馆,裕廊西中央,¥¥ - ¥¥¥,14,4,7,3,0,0,None,None,None,None
Sandwich Saigon,https://cn.tripadvisor.com/Restaurant_Review-g294265-d4097006-Reviews-Sandwich_Saigon-Singapore.html,3.5,157,"亚洲料理, 越南菜",马林百列,¥,75,17,35,13,6,4,None,None,None,None
Carry On,https://cn.tripadvisor.com/Restaurant_Review-g294265-d7184883-Reviews-Carry_On-Singapore.html,4.5,157,咖啡馆,马林百列,¥,12,7,4,1,0,0,None,None,None,None
Say Seng Tau Kwa Pau,https://cn.tripadvisor.com/Restaurant_Review-g294265-d10478501-Reviews-Say_Seng_Tau_Kwa_Pau-Singapore.html,4.5,161,"中餐, 亚洲料理",芽笼,¥,18,12,5,1,0,0,None,None,None,None
Starbucks - Changi Airport Terminal 1 (Arrival Hall),https://cn.tripadvisor.com/Restaurant_Review-g294265-d5788648-Reviews-Starbucks_Changi_Airport_Terminal_1_Arrival_Hall-Singapore.html,3.5,161,咖啡馆,樟宜,¥¥ - ¥¥¥,46,8,20,12,1,5,None,None,None,None
Ri Ri Mala Hot Pot,https://cn.tripadvisor.com/Restaurant_Review-g294265-d5424322-Reviews-Ri_Ri_Mala_Hot_Pot-Singapore.html,4.5,162,"中餐, 快餐",中区/城区,¥,25,12,10,3,0,0,None,None,None,None
Jinjja Chicken,https://cn.tripadvisor.com/Restaurant_Review-g294265-d15851870-Reviews-Jinjja_Chicken-Singapore.html,4.5,165,"快餐, 亚洲料理",樟宜,¥,22,17,0,3,0,2,None,None,None,None
Starbucks,https://cn.tripadvisor.com/Restaurant_Review-g294265-d5430647-Reviews-Starbucks-Singapore.html,4,167,咖啡馆,Maritime Square,¥¥ - ¥¥¥,18,5,8,3,1,1,None,None,None,None
Javier's Rotisserie and Salad Bar,https://cn.tripadvisor.com/Restaurant_Review-g294265-d12431453-Reviews-Javier_s_Rotisserie_and_Salad_Bar-Singapore.html,4,170,现代创意料理,滨海广场,¥,27,7,15,3,0,2,None,None,None,None
Dal.Komm Coffee,https://cn.tripadvisor.com/Restaurant_Review-g294265-d12645220-Reviews-Dal_Komm_Coffee-Singapore.html,3.5,170,咖啡馆,中区/城区,¥¥ - ¥¥¥,38,10,14,8,1,5,None,None,None,None
WOLF Burgers,https://cn.tripadvisor.com/Restaurant_Review-g294265-d12105047-Reviews-WOLF_Burgers-Singapore.html,4,171,"美式烹饪, 快餐",滨海广场,¥¥ - ¥¥¥,44,23,8,5,6,2,None,None,None,None
Starbucks,https://cn.tripadvisor.com/Restaurant_Review-g294265-d2256967-Reviews-Starbucks-Singapore.html,3.5,171,"美式烹饪, 咖啡馆",樟宜,¥¥ - ¥¥¥,54,10,19,20,1,4,3.5,3.9,3.4,3.5
Pasarbella Suntec,https://cn.tripadvisor.com/Restaurant_Review-g294265-d10191812-Reviews-Pasarbella_Suntec-Singapore.html,3.5,174,"地中海, 泰国菜",滨海广场,¥¥ - ¥¥¥,58,11,27,14,2,4,None,None,None,None
Hawker Chan,https://cn.tripadvisor.com/Restaurant_Review-g294265-d12868978-Reviews-Hawker_Chan-Singapore.html,3.5,176,"中餐, 烧烤",None,¥,55,14,15,19,5,2,None,None,None,None
Harvest,https://cn.tripadvisor.com/Restaurant_Review-g294265-d13482519-Reviews-Harvest-Singapore.html,4.5,177,None,马林百列,¥¥ - ¥¥¥,19,9,7,2,1,0,None,None,None,None
starbucks + orchard road + Paragon + singapore,https://cn.tripadvisor.com/Restaurant_Review-g294265-d14976810-Reviews-Starbucks_orchard_road_Paragon_singapore-Singapore.html,3.5,178,"美式烹饪, 咖啡馆",中区/城区,¥¥ - ¥¥¥,17,6,6,1,2,2,None,None,None,None
Costa Coffee,https://cn.tripadvisor.com/Restaurant_Review-g294265-d3952132-Reviews-Costa_Coffee-Singapore.html,3.5,179,咖啡馆,中区/城区,¥¥ - ¥¥¥,35,6,17,6,4,2,3.4,3.4,3.1,3.4
Cha Tra Mue,https://cn.tripadvisor.com/Restaurant_Review-g294265-d5828399-Reviews-Cha_Tra_Mue-Singapore.html,4.5,180,"印度菜, 亚洲料理",中区/城区,¥,23,13,7,2,0,1,4.2,4.2,4.2,4
Dimbulah Cafe,https://cn.tripadvisor.com/Restaurant_Review-g294265-d14925971-Reviews-Dimbulah_Cafe-Singapore.html,4,180,咖啡馆,中区/城区,None,12,2,7,3,0,0,None,None,None,None
363 Katong Laksa,https://cn.tripadvisor.com/Restaurant_Review-g294265-d5423881-Reviews-363_Katong_Laksa-Singapore.html,4,182,"亚洲料理, 新加坡菜",武吉知马,¥,42,15,16,7,0,4,None,None,None,None
Craftsman Speciality Coffee shop,https://cn.tripadvisor.com/Restaurant_Review-g294265-d13352990-Reviews-Craftsman_Speciality_Coffee_shop-Singapore.html,3.5,182,咖啡馆,新加坡河,¥¥ - ¥¥¥,32,12,10,2,0,8,None,None,None,None
The Salad Shop (Singapore),https://cn.tripadvisor.com/Restaurant_Review-g294265-d5421225-Reviews-The_Salad_Shop_Singapore-Singapore.html,4,183,None,中区/城区,¥¥ - ¥¥¥,37,13,15,5,3,1,None,None,None,None
A Poke Theory,https://cn.tripadvisor.com/Restaurant_Review-g294265-d12310618-Reviews-A_Poke_Theory-Singapore.html,4,184,"亚洲料理, 夏威夷菜",中区/城区,¥¥ - ¥¥¥,39,15,14,7,0,3,None,None,None,None
River South (Hoe Nam) Prawn Noodles,https://cn.tripadvisor.com/Restaurant_Review-g294265-d4496712-Reviews-River_South_Hoe_Nam_Prawn_Noodles-Singapore.html,4,187,"中餐, 亚洲料理",大巴窑,¥,41,9,19,9,4,0,None,None,None,None
Ah Chiang's Porridge,https://cn.tripadvisor.com/Restaurant_Review-g294265-d775740-Reviews-Ah_Chiang_s_Porridge-Singapore.html,3.5,188,"中餐, 亚洲料理",红山 (Bukit Merah),¥,77,13,36,17,7,4,3.4,3.2,3.4,3.1
Toss & Turn,https://cn.tripadvisor.com/Restaurant_Review-g294265-d10270835-Reviews-Toss_Turn-Singapore.html,4,189,美式烹饪,中区/城区,¥¥ - ¥¥¥,26,8,13,4,0,1,None,None,None,None
Nunsaram Korean Dessert Cafe,https://cn.tripadvisor.com/Restaurant_Review-g294265-d8425004-Reviews-Nunsaram_Korean_Dessert_Cafe-Singapore.html,3.5,189,"咖啡馆, 亚洲料理",中区/城区,¥¥ - ¥¥¥,31,4,11,14,1,1,None,None,None,None
Joe & the Juice,https://cn.tripadvisor.com/Restaurant_Review-g294265-d13082559-Reviews-Joe_the_Juice-Singapore.html,3.5,189,"咖啡馆, 健康餐饮",圣淘沙,None,17,4,6,4,2,1,None,None,None,None
McDonald's,https://cn.tripadvisor.com/Restaurant_Review-g294265-d5430609-Reviews-McDonald_s-Singapore.html,3.5,190,"美式烹饪, 快餐",中区/城区,¥,94,25,34,22,3,10,None,None,None,None
Lao Zhong Zhong Fine Spice Stall,https://cn.tripadvisor.com/Restaurant_Review-g294265-d5424115-Reviews-Lao_Zhong_Zhong_Fine_Spice_Stall-Singapore.html,4.5,191,亚洲料理,大巴窑,¥,14,9,4,0,1,0,None,None,None,None
Blackball Singapore,https://cn.tripadvisor.com/Restaurant_Review-g294265-d4570315-Reviews-Blackball_Singapore-Singapore.html,4,191,"亚洲料理, 台湾菜",中区/城区,¥,20,4,11,3,0,2,None,None,None,None
Xin Mei Xiang Lor Mee - Old Airport Road,https://cn.tripadvisor.com/Restaurant_Review-g294265-d5424074-Reviews-Xin_Mei_Xiang_Lor_Mee_Old_Airport_Road-Singapore.html,4,192,亚洲料理,芽笼,¥,28,9,10,6,3,0,None,None,None,None
Just Dough,https://cn.tripadvisor.com/Restaurant_Review-g294265-d11825559-Reviews-Just_Dough-Singapore.html,4,194,"亚洲料理, 新加坡菜",滨海广场,¥,14,3,8,2,0,1,None,None,None,None
Sergeant Hainanese Chicken Rice,https://cn.tripadvisor.com/Restaurant_Review-g294265-d5423852-Reviews-Sergeant_Hainanese_Chicken_Rice-Singapore.html,4,195,None,中区/城区,¥,29,11,11,5,1,1,None,None,None,None
Toast Box - Clementi Mall,https://cn.tripadvisor.com/Restaurant_Review-g294265-d5430934-Reviews-Toast_Box_Clementi_Mall-Singapore.html,3.5,195,None,金文泰中央,¥¥ - ¥¥¥,21,3,9,8,0,1,None,None,None,None
Straits Food Village,https://cn.tripadvisor.com/Restaurant_Review-g294265-d10559156-Reviews-Straits_Food_Village-Singapore.html,3.5,200,"中餐, 各国料理",樟宜,¥,47,7,25,9,2,4,None,None,None,None
tcc - The Connoisseur Concerto,https://cn.tripadvisor.com/Restaurant_Review-g294265-d10818680-Reviews-Tcc_The_Connoisseur_Concerto-Singapore.html,3.5,200,咖啡馆,中区/城区,¥¥ - ¥¥¥,25,7,6,8,0,4,None,None,None,None
Mel's Drive In,https://cn.tripadvisor.com/Restaurant_Review-g294265-d3856010-Reviews-Mel_s_Drive_In-Singapore.html,3.5,201,"美式烹饪, 快餐",圣淘沙,¥¥ - ¥¥¥,148,28,49,48,12,11,3.4,3.6,3,4
Starbucks @ Plaza Singapura,https://cn.tripadvisor.com/Restaurant_Review-g294265-d2432067-Reviews-Starbucks_Plaza_Singapura-Singapore.html,3.5,202,"美式烹饪, 咖啡馆",中区/城区,¥¥ - ¥¥¥,64,7,29,17,3,8,3.4,3.2,3.1,3.9
Starbucks,https://cn.tripadvisor.com/Restaurant_Review-g294265-d5424249-Reviews-Starbucks-Singapore.html,3.5,203,咖啡馆,中区/城区,¥¥ - ¥¥¥,29,4,15,6,2,2,None,None,None,None
4 Fingers Crispy Chicken,https://cn.tripadvisor.com/Restaurant_Review-g294265-d8155446-Reviews-4_Fingers_Crispy_Chicken-Singapore.html,3.5,204,快餐,樟宜,¥,80,21,29,12,9,9,None,None,None,None
Ponggol Nasi Lemak,https://cn.tripadvisor.com/Restaurant_Review-g294265-d10480605-Reviews-Ponggol_Nasi_Lemak-Singapore.html,4,206,"快餐, 亚洲料理",劳明达,None,20,6,10,4,0,0,None,None,None,None
Limaa,https://cn.tripadvisor.com/Restaurant_Review-g294265-d12874280-Reviews-Limaa-Singapore.html,4,207,"多国料理, 健康餐饮",阿拉伯街,¥,24,13,6,2,1,2,None,None,None,None
THE BAKERY by woodlands sourdough,https://cn.tripadvisor.com/Restaurant_Review-g294265-d11960148-Reviews-THE_BAKERY_by_woodlands_sourdough-Singapore.html,4.5,208,咖啡馆,None,¥¥ - ¥¥¥,16,11,2,2,0,1,None,None,None,None
McDonald's,https://cn.tripadvisor.com/Restaurant_Review-g294265-d1113653-Reviews-McDonald_s-Singapore.html,3.5,209,"美式烹饪, 快餐",中区/城区,¥,78,9,39,20,6,4,3.6,3.7,3.7,3.7
Starbucks,https://cn.tripadvisor.com/Restaurant_Review-g294265-d5499271-Reviews-Starbucks-Singapore.html,3,209,咖啡馆,中区/城区,¥¥ - ¥¥¥,26,4,9,7,1,5,None,None,None,None
Chef Icon,https://cn.tripadvisor.com/Restaurant_Review-g294265-d8705395-Reviews-Chef_Icon-Singapore.html,4,210,"各国料理, 健康餐饮",红山 (Bukit Merah),¥¥ - ¥¥¥,19,9,5,5,0,0,None,None,None,None
Chix Hot Chicken,https://cn.tripadvisor.com/Restaurant_Review-g294265-d15519354-Reviews-Chix_Hot_Chicken-Singapore.html,4,215,快餐,阿拉伯街,¥¥ - ¥¥¥,15,9,2,2,2,0,None,None,None,None
Selera Rasa Nasi Lemak,https://cn.tripadvisor.com/Restaurant_Review-g294265-d5424031-Reviews-Selera_Rasa_Nasi_Lemak-Singapore.html,3.5,216,"亚洲料理, 新加坡菜",Novena,¥,53,9,25,14,2,3,None,None,None,None
Tip Top,https://cn.tripadvisor.com/Restaurant_Review-g294265-d8325409-Reviews-Tip_Top-Singapore.html,4,217,"快餐, 亚洲料理",樟宜,¥,22,6,9,6,0,1,None,None,None,None
The White Tiffin,https://cn.tripadvisor.com/Restaurant_Review-g294265-d19796062-Reviews-The_White_Tiffin-Singapore.html,4,218,亚洲料理,樟宜,¥¥ - ¥¥¥,13,6,5,1,0,1,None,None,None,None
The Coffee Bean & Tea Leaf,https://cn.tripadvisor.com/Restaurant_Review-g294265-d10375473-Reviews-The_Coffee_Bean_Tea_Leaf-Singapore.html,3.5,218,咖啡馆,中区/城区,¥¥ - ¥¥¥,18,0,12,4,1,1,None,None,None,None
Eng Kee Fried Chicken Wings,https://cn.tripadvisor.com/Restaurant_Review-g294265-d5430571-Reviews-Eng_Kee_Fried_Chicken_Wings-Singapore.html,4,219,快餐,None,¥,14,3,10,1,0,0,None,None,None,None
Popeyes Louisiana Kitchen,https://cn.tripadvisor.com/Restaurant_Review-g294265-d5431068-Reviews-Popeyes_Louisiana_Kitchen-Singapore.html,4,220,"美式烹饪, 快餐",淡滨尼东,¥,13,4,7,2,0,0,None,None,None,None
Starbucks The Cathay,https://cn.tripadvisor.com/Restaurant_Review-g294265-d2370144-Reviews-Starbucks_The_Cathay-Singapore.html,3.5,224,咖啡馆,中区/城区,¥¥ - ¥¥¥,18,2,5,9,1,1,None,None,None,None
Tampines Round Market,https://cn.tripadvisor.com/Restaurant_Review-g294265-d8011559-Reviews-Tampines_Round_Market-Singapore.html,4,225,"中餐, 亚洲料理",淡滨尼东,¥,30,11,13,3,1,2,None,None,None,None
"Yoshinoya, Bugis Junction",https://cn.tripadvisor.com/Restaurant_Review-g294265-d1129992-Reviews-Yoshinoya_Bugis_Junction-Singapore.html,3.5,226,"日式料理, 快餐",中区/城区,¥,61,12,18,26,2,3,3.4,3.3,3.3,3
Food Barn at Galaxis,https://cn.tripadvisor.com/Restaurant_Review-g294265-d5424885-Reviews-Food_Barn_at_Galaxis-Singapore.html,4.5,227,咖啡馆,None,¥,16,7,7,1,1,0,None,None,None,None
Ming Fa,https://cn.tripadvisor.com/Restaurant_Review-g294265-d15206681-Reviews-Ming_Fa-Singapore.html,4.5,229,"中餐, 亚洲料理",Bishan,¥,0,0,0,0,0,0,None,None,None,None
Sin Heng Kee Porridge,https://cn.tripadvisor.com/Restaurant_Review-g294265-d11919521-Reviews-Sin_Heng_Kee_Porridge-Singapore.html,4,231,"中餐, 亚洲料理",Hougang,¥,22,9,9,1,0,3,None,None,None,None
McDonald's,https://cn.tripadvisor.com/Restaurant_Review-g294265-d5431067-Reviews-McDonald_s-Singapore.html,4,232,快餐,Maritime Square,¥,22,7,8,7,0,0,None,None,None,None
Five Guys Singapore Pte Ltd,https://cn.tripadvisor.com/Restaurant_Review-g294265-d19807933-Reviews-Five_Guys_Singapore_Pte_Ltd-Singapore.html,3.5,233,"美式烹饪, 快餐",中区/城区,¥¥ - ¥¥¥,54,12,13,17,8,4,None,None,None,None
Springleaf Prata,https://cn.tripadvisor.com/Restaurant_Review-g294265-d12909181-Reviews-Springleaf_Prata-Singapore.html,3.5,234,"印度菜, 亚洲料理",武吉班让,¥,38,10,18,4,1,5,None,None,None,None
Teppei Syokudo x Yama Udon,https://cn.tripadvisor.com/Restaurant_Review-g294265-d15563938-Reviews-Teppei_Syokudo_x_Yama_Udon-Singapore.html,4,240,日式料理,None,¥¥ - ¥¥¥,20,7,8,4,0,1,None,None,None,None
Souperstar,https://cn.tripadvisor.com/Restaurant_Review-g294265-d8450303-Reviews-Souperstar-Singapore.html,4,242,"亚洲料理, 汤",None,¥,24,8,11,3,1,1,None,None,None,None
Astons Specialties,https://cn.tripadvisor.com/Restaurant_Review-g294265-d2560216-Reviews-Astons_Specialties-Singapore.html,3.5,245,晚餐,劳明达,¥¥ - ¥¥¥,40,8,17,11,2,2,3.9,3.9,3.9,3.4
YinJi,https://cn.tripadvisor.com/Restaurant_Review-g294265-d14801797-Reviews-YinJi-Singapore.html,4,247,"中餐, 亚洲料理",中区/城区,¥,12,6,3,2,1,0,None,None,None,None
Da Paolo Gastronomia - Bukit Timah,https://cn.tripadvisor.com/Restaurant_Review-g294265-d788059-Reviews-Da_Paolo_Gastronomia_Bukit_Timah-Singapore.html,3.5,249,意餐,None,¥¥ - ¥¥¥,103,17,42,29,9,6,3.5,3.1,3.1,3.5
Salmon Samurai,https://cn.tripadvisor.com/Restaurant_Review-g294265-d12318647-Reviews-Salmon_Samurai-Singapore.html,4,252,"日式料理, 寿司",丹戎巴葛,¥,23,8,8,5,0,2,None,None,None,None
SMITHS Authentic British Fish and Chips,https://cn.tripadvisor.com/Restaurant_Review-g294265-d3774039-Reviews-SMITHS_Authentic_British_Fish_and_Chips-Singapore.html,3.5,253,"海鲜, 快餐",中区/城区,¥¥ - ¥¥¥,129,36,39,22,11,21,None,None,None,None
Haakon Superfoods And Juice,https://cn.tripadvisor.com/Restaurant_Review-g294265-d11660831-Reviews-Haakon_Superfoods_And_Juice-Singapore.html,3.5,255,None,武吉知马,¥¥ - ¥¥¥,38,13,13,3,4,5,None,None,None,None
Heavenly Wang,https://cn.tripadvisor.com/Restaurant_Review-g294265-d13437626-Reviews-Heavenly_Wang-Singapore.html,3.5,257,"咖啡馆, 亚洲料理",樟宜,¥,32,8,11,9,1,3,None,None,None,None
Bingki Korean Dessert,https://cn.tripadvisor.com/Restaurant_Review-g294265-d10463302-Reviews-Bingki_Korean_Dessert-Singapore.html,3,258,"亚洲料理, 韩式料理",中区/城区,¥¥ - ¥¥¥,24,3,6,10,2,3,None,None,None,None
Balestier Road Hoover Rojak,https://cn.tripadvisor.com/Restaurant_Review-g294265-d1224821-Reviews-Balestier_Road_Hoover_Rojak-Singapore.html,4,259,"亚洲料理, 新加坡菜",Novena,¥,26,4,16,5,0,1,4.1,3.9,3.9,2.7
SaladStop,https://cn.tripadvisor.com/Restaurant_Review-g294265-d10148936-Reviews-SaladStop-Singapore.html,4,260,"快餐, 健康餐饮",中区/城区,None,14,4,6,4,0,0,None,None,None,None
Kok Kee Wanton Mee,https://cn.tripadvisor.com/Restaurant_Review-g294265-d5424001-Reviews-Kok_Kee_Wanton_Mee-Singapore.html,4,261,"中餐, 亚洲料理",劳明达,¥,25,5,14,5,0,1,None,None,None,None
Saladstop!,https://cn.tripadvisor.com/Restaurant_Review-g294265-d3589269-Reviews-Saladstop-Singapore.html,4,262,None,中区/城区,¥,48,21,12,7,2,6,None,None,None,None
Kopitiam @ The Central,https://cn.tripadvisor.com/Restaurant_Review-g294265-d1215192-Reviews-Kopitiam_The_Central-Singapore.html,4,263,亚洲料理,新加坡河,¥,27,12,9,4,0,2,4.1,3.9,4.2,4
The Coffee Bean And Tea Leaf,https://cn.tripadvisor.com/Restaurant_Review-g294265-d5430734-Reviews-The_Coffee_Bean_And_Tea_Leaf-Singapore.html,3.5,264,咖啡馆,中区/城区,¥¥ - ¥¥¥,21,3,9,4,2,3,None,None,None,None
Eng's Char Siew Wantan Mee,https://cn.tripadvisor.com/Restaurant_Review-g294265-d15212254-Reviews-Eng_s_Char_Siew_Wantan_Mee-Singapore.html,4,265,"中餐, 亚洲料理",马林百列,¥,11,5,3,3,0,0,None,None,None,None
Hokkaido-Ya,https://cn.tripadvisor.com/Restaurant_Review-g294265-d14221609-Reviews-Hokkaido_Ya-Singapore.html,4,266,"日式料理, 快餐",Maritime Square,¥¥ - ¥¥¥,22,6,9,5,0,2,None,None,None,None
Pink Fish,https://cn.tripadvisor.com/Restaurant_Review-g294265-d17751620-Reviews-Pink_Fish-Singapore.html,4,267,"海鲜, 快餐",樟宜,¥,17,5,5,5,2,0,None,None,None,None
Springleaf Prata Place,https://cn.tripadvisor.com/Restaurant_Review-g294265-d8436055-Reviews-Springleaf_Prata_Place-Singapore.html,3.5,268,"印度菜, 亚洲料理",Frankel,¥,94,22,43,9,5,15,None,None,None,None
Popeyes Louisiana Kitchen,https://cn.tripadvisor.com/Restaurant_Review-g294265-d1082637-Reviews-Popeyes_Louisiana_Kitchen-Singapore.html,3.5,269,"美式烹饪, 快餐",滨海广场,¥,85,15,24,29,8,9,3,2.8,2.9,2.4
Swee Guan Hokkien Mee,https://cn.tripadvisor.com/Restaurant_Review-g294265-d5874700-Reviews-Swee_Guan_Hokkien_Mee-Singapore.html,4,270,"中餐, 快餐",芽笼,¥,16,5,7,3,1,0,None,None,None,None
十九街云吞面（Jurong Stall）,https://cn.tripadvisor.com/Restaurant_Review-g294265-d10840814-Reviews-Soi_19_Thai_Wanton_Mee_Jurong_Stall-Singapore.html,4,271,"中餐, 亚洲料理",裕廊区域中心,¥,23,5,12,4,0,2,None,None,None,None
The Food Place by Food Junction,https://cn.tripadvisor.com/Restaurant_Review-g294265-d5430589-Reviews-The_Food_Place_by_Food_Junction-Singapore.html,3.5,273,亚洲料理,中区/城区,¥,51,11,18,15,2,5,None,None,None,None
McDonald’s VivoCity,https://cn.tripadvisor.com/Restaurant_Review-g294265-d8678503-Reviews-McDonald_s_VivoCity-Singapore.html,4,276,快餐,Maritime Square,¥,38,9,16,11,0,2,None,None,None,None
Wingstop VivoCity,https://cn.tripadvisor.com/Restaurant_Review-g294265-d12598092-Reviews-Wingstop_VivoCity-Singapore.html,4,277,快餐,Maritime Square,¥¥ - ¥¥¥,20,6,9,2,2,1,None,None,None,None
McDonald's,https://cn.tripadvisor.com/Restaurant_Review-g294265-d8155475-Reviews-McDonald_s-Singapore.html,4,279,快餐,樟宜,¥,28,4,15,8,0,1,None,None,None,None
Aloha Poke,https://cn.tripadvisor.com/Restaurant_Review-g294265-d8714373-Reviews-Aloha_Poke-Singapore.html,3.5,281,夏威夷菜,中区/城区,¥¥ - ¥¥¥,63,11,23,19,4,6,None,None,None,None
Overrun.SG,https://cn.tripadvisor.com/Restaurant_Review-g294265-d10754586-Reviews-Overrun_SG-Singapore.html,3.5,282,None,阿拉伯街,¥,23,8,2,11,1,1,None,None,None,None
PPP Coffee,https://cn.tripadvisor.com/Restaurant_Review-g294265-d17720459-Reviews-PPP_Coffee-Singapore.html,3.5,282,咖啡馆,中区/城区,¥¥ - ¥¥¥,13,2,5,3,2,1,None,None,None,None
Huggs Cafe,https://cn.tripadvisor.com/Restaurant_Review-g294265-d5424943-Reviews-Huggs_Cafe-Singapore.html,3.5,285,咖啡馆,中区/城区,¥¥ - ¥¥¥,24,7,3,11,0,3,None,None,None,None
McDonald's,https://cn.tripadvisor.com/Restaurant_Review-g294265-d5431033-Reviews-McDonald_s-Singapore.html,4,286,"美式烹饪, 快餐",中区/城区,¥,28,7,10,10,0,1,None,None,None,None
McDonald's,https://cn.tripadvisor.com/Restaurant_Review-g294265-d5424865-Reviews-McDonald_s-Singapore.html,4,287,快餐,Novena,¥,16,4,9,3,0,0,None,None,None,None
Salad Stop,https://cn.tripadvisor.com/Restaurant_Review-g294265-d8573382-Reviews-Salad_Stop-Singapore.html,4,288,欧洲,中区/城区,¥¥ - ¥¥¥,25,8,8,6,1,2,None,None,None,None
Knicker+Bockers,https://cn.tripadvisor.com/Restaurant_Review-g294265-d11014509-Reviews-Knicker_Bockers-Singapore.html,4,289,披萨,中区/城区,¥,12,6,4,0,2,0,None,None,None,None
Tiger Sugar Singapore,https://cn.tripadvisor.com/Restaurant_Review-g294265-d15348857-Reviews-Tiger_Sugar_Singapore-Singapore.html,3.5,289,"亚洲料理, 台湾菜",中区/城区,¥,28,4,10,7,3,4,None,None,None,None
Tiong Bahru Bakery,https://cn.tripadvisor.com/Restaurant_Review-g294265-d26660265-Reviews-Tiong_Bahru_Bakery-Singapore.html,5,291,"法餐, 美式烹饪, 欧洲",None,None,3,3,0,0,0,0,None,None,None,None
Da Paolo Gastronomia - Orchard,https://cn.tripadvisor.com/Restaurant_Review-g294265-d3856229-Reviews-Da_Paolo_Gastronomia_Orchard-Singapore.html,3.5,292,意餐,中区/城区,¥¥ - ¥¥¥,70,13,24,22,5,6,None,None,None,None
Shake Shack,https://cn.tripadvisor.com/Restaurant_Review-g294265-d20104761-Reviews-Shake_Shack-Singapore.html,3.5,294,"美式烹饪, 快餐",中区/城区,¥¥ - ¥¥¥,24,5,8,7,2,2,None,None,None,None
Starbucks,https://cn.tripadvisor.com/Restaurant_Review-g294265-d5423976-Reviews-Starbucks-Singapore.html,3.5,294,咖啡馆,滨海广场,¥¥ - ¥¥¥,17,3,7,4,1,2,None,None,None,None
Seoul Garden,https://cn.tripadvisor.com/Restaurant_Review-g294265-d11950105-Reviews-Seoul_Garden-Singapore.html,3.5,296,韩式料理,淡滨尼东,¥¥ - ¥¥¥,20,3,7,7,2,1,None,None,None,None
The Coffee Bean & Tea Leaf (Changi Airport Terminal 2),https://cn.tripadvisor.com/Restaurant_Review-g294265-d5788595-Reviews-The_Coffee_Bean_Tea_Leaf_Changi_Airport_Terminal_2-Singapore.html,3.5,296,咖啡馆,樟宜,¥,20,2,7,7,2,2,None,None,None,None
Joe & The Juice,https://cn.tripadvisor.com/Restaurant_Review-g294265-d9750819-Reviews-Joe_The_Juice-Singapore.html,3,298,咖啡馆,中区/城区,¥¥ - ¥¥¥,32,5,10,9,3,5,None,None,None,None
Wingstop Bedok Mall,https://cn.tripadvisor.com/Restaurant_Review-g294265-d7070832-Reviews-Wingstop_Bedok_Mall-Singapore.html,3.5,300,"美式烹饪, 快餐",勿洛北,¥¥ - ¥¥¥,30,4,17,5,3,1,None,None,None,None
Kebab Station,https://cn.tripadvisor.com/Restaurant_Review-g294265-d14195662-Reviews-Kebab_Station-Singapore.html,4,303,"快餐, 地中海",马林百列,¥¥ - ¥¥¥,15,8,1,4,0,2,None,None,None,None
Niche Savoureuse,https://cn.tripadvisor.com/Restaurant_Review-g294265-d12267425-Reviews-Niche_Savoureuse-Singapore.html,4,311,"法餐, 咖啡馆",None,¥¥ - ¥¥¥,11,1,8,2,0,0,None,None,None,None
Raffles City Costa Coffee,https://cn.tripadvisor.com/Restaurant_Review-g294265-d10769926-Reviews-Raffles_City_Costa_Coffee-Singapore.html,3.5,311,咖啡馆,中区/城区,¥¥ - ¥¥¥,14,3,6,0,2,3,None,None,None,None
Seah Im Food Centre,https://cn.tripadvisor.com/Restaurant_Review-g294265-d7356124-Reviews-Seah_Im_Food_Centre-Singapore.html,3.5,312,"亚洲料理, 新加坡菜",Maritime Square,¥,61,12,29,10,1,9,None,None,None,None
Haakon,https://cn.tripadvisor.com/Restaurant_Review-g294265-d12876297-Reviews-Haakon-Singapore.html,4,313,"欧洲, 澳洲菜",中区/城区,¥¥ - ¥¥¥,15,7,4,1,2,1,None,None,None,None
Geylang Lor 29 Fried Hokkien Mee,https://cn.tripadvisor.com/Restaurant_Review-g294265-d2338684-Reviews-Geylang_Lor_29_Fried_Hokkien_Mee-Singapore.html,3.5,314,"中餐, 亚洲料理",Frankel,¥,56,16,19,11,3,7,None,None,None,None
Pita Tree Kebabs - Forum,https://cn.tripadvisor.com/Restaurant_Review-g294265-d16649315-Reviews-Pita_Tree_Kebabs_Forum-Singapore.html,3.5,315,"快餐, 地中海",中区/城区,¥,19,9,1,2,2,5,None,None,None,None
Bai Nian Niang Dou Fu,https://cn.tripadvisor.com/Restaurant_Review-g294265-d14216618-Reviews-Bai_Nian_Niang_Dou_Fu-Singapore.html,4,316,"中餐, 亚洲料理",None,¥,13,5,3,4,0,1,None,None,None,None
Starbucks,https://cn.tripadvisor.com/Restaurant_Review-g294265-d6947942-Reviews-Starbucks-Singapore.html,3,316,咖啡馆,中区/城区,¥¥ - ¥¥¥,20,3,7,5,1,4,None,None,None,None
Burger King Changi Airport Terminal 2,https://cn.tripadvisor.com/Restaurant_Review-g294265-d5788438-Reviews-Burger_King_Changi_Airport_Terminal_2-Singapore.html,3.5,317,"美式烹饪, 快餐",樟宜,¥,66,12,23,16,7,8,None,None,None,None
The Affogato Bar,https://cn.tripadvisor.com/Restaurant_Review-g294265-d12883755-Reviews-The_Affogato_Bar-Singapore.html,3.5,318,"美式烹饪, 咖啡馆",None,¥¥ - ¥¥¥,22,7,8,2,3,2,None,None,None,None
Goldilocks Fried Chicken,https://cn.tripadvisor.com/Restaurant_Review-g294265-d2538674-Reviews-Goldilocks_Fried_Chicken-Singapore.html,3,320,"美式烹饪, 快餐",圣淘沙,¥¥ - ¥¥¥,25,2,9,4,2,8,None,None,None,None
The Twelve Cupcakes,https://cn.tripadvisor.com/Restaurant_Review-g294265-d7593875-Reviews-The_Twelve_Cupcakes-Singapore.html,3,321,None,中区/城区,¥¥ - ¥¥¥,15,6,1,1,1,6,None,None,None,None
Salad Stop,https://cn.tripadvisor.com/Restaurant_Review-g294265-d10027742-Reviews-Salad_Stop-Singapore.html,4,322,None,Novena,¥¥ - ¥¥¥,17,4,8,3,1,1,None,None,None,None
6oz Espresso Bar,https://cn.tripadvisor.com/Restaurant_Review-g294265-d10069838-Reviews-6oz_Espresso_Bar-Singapore.html,3,323,"咖啡馆, 欧洲",中区/城区,¥¥ - ¥¥¥,12,3,3,2,0,4,None,None,None,None
Homeground Coffee Roasters,https://cn.tripadvisor.com/Restaurant_Review-g294265-d14924235-Reviews-Homeground_Coffee_Roasters-Singapore.html,4,324,咖啡馆,马林百列,None,12,3,5,3,0,1,None,None,None,None
The AutoBus,https://cn.tripadvisor.com/Restaurant_Review-g294265-d12872101-Reviews-The_AutoBus-Singapore.html,3,324,"咖啡馆, 多国料理",中区/城区,None,12,3,2,4,0,3,None,None,None,None
Apollo Coffee Bar,https://cn.tripadvisor.com/Restaurant_Review-g294265-d19402012-Reviews-Apollo_Coffee_Bar-Singapore.html,4,325,"美式烹饪, 咖啡馆",Serangoon,¥¥ - ¥¥¥,13,6,2,3,0,2,None,None,None,None
Hammee's,https://cn.tripadvisor.com/Restaurant_Review-g294265-d16708408-Reviews-Hammee_s-Singapore.html,4,326,"美式烹饪, 快餐",None,¥,11,4,4,1,1,1,None,None,None,None
MOS Burger,https://cn.tripadvisor.com/Restaurant_Review-g294265-d5424261-Reviews-MOS_Burger-Singapore.html,3.5,327,快餐,中区/城区,¥,31,1,14,12,3,1,None,None,None,None
5 Little Bears,https://cn.tripadvisor.com/Restaurant_Review-g294265-d8397653-Reviews-5_Little_Bears-Singapore.html,4,328,"中餐, 亚洲料理",芽笼,¥,16,3,8,3,2,0,None,None,None,None
Cedele - Paragon,https://cn.tripadvisor.com/Restaurant_Review-g294265-d7350970-Reviews-Cedele_Paragon-Singapore.html,3.5,330,咖啡馆,中区/城区,¥¥ - ¥¥¥,18,6,4,4,2,2,None,None,None,None
McDonald's,https://cn.tripadvisor.com/Restaurant_Review-g294265-d5424955-Reviews-McDonald_s-Singapore.html,4,331,快餐,武吉班让,¥¥ - ¥¥¥,31,9,13,6,0,3,None,None,None,None
Depot Road Zhen Shan Mei Claypot Laksa,https://cn.tripadvisor.com/Restaurant_Review-g294265-d5504635-Reviews-Depot_Road_Zhen_Shan_Mei_Claypot_Laksa-Singapore.html,3.5,333,亚洲料理,亚历山德拉山,¥,20,4,6,7,2,1,None,None,None,None
The Original Vadai,https://cn.tripadvisor.com/Restaurant_Review-g294265-d23006975-Reviews-The_Original_Vadai-Singapore.html,4.5,334,印度菜,None,¥,3,2,1,0,0,0,None,None,None,None
老夫子炒粿條,https://cn.tripadvisor.com/Restaurant_Review-g294265-d3589253-Reviews-Lao_Fu_Zi_Fried_Kway_Teow-Singapore.html,3.5,335,亚洲料理,芽笼,¥,27,4,9,9,3,2,None,None,None,None
Toast Box,https://cn.tripadvisor.com/Restaurant_Review-g294265-d10284321-Reviews-Toast_Box-Singapore.html,3.5,336,None,Maritime Square,¥,26,8,7,8,0,3,None,None,None,None
Lechon Pinoy,https://cn.tripadvisor.com/Restaurant_Review-g294265-d25163498-Reviews-Lechon_Pinoy-Singapore.html,5,338,"菲律宾菜, 亚洲料理",None,None,3,3,0,0,0,0,None,None,None,None
Mustafa Cafe,https://cn.tripadvisor.com/Restaurant_Review-g294265-d14130089-Reviews-Mustafa_Cafe-Singapore.html,3.5,339,"印度菜, 咖啡馆",中区/城区,¥,18,2,9,4,2,1,None,None,None,None
Salad Stop,https://cn.tripadvisor.com/Restaurant_Review-g294265-d5791787-Reviews-Salad_Stop-Singapore.html,3.5,342,None,中区/城区,¥¥ - ¥¥¥,20,3,10,4,1,2,None,None,None,None
Pita Tree Kebabs - Katong,https://cn.tripadvisor.com/Restaurant_Review-g294265-d25271667-Reviews-Pita_Tree_Kebabs_Katong-Singapore.html,5,343,"地中海, 烧烤, 熟食店",None,None,2,2,0,0,0,0,None,None,None,None
R&B Tea,https://cn.tripadvisor.com/Restaurant_Review-g294265-d13413033-Reviews-R_B_Tea-Singapore.html,4,344,"晚餐, 台湾菜",滨海广场,¥,13,5,4,2,0,2,None,None,None,None
85 Redhill,https://cn.tripadvisor.com/Restaurant_Review-g294265-d8488860-Reviews-85_Redhill-Singapore.html,3.5,347,"中餐, 快餐",中区/城区,¥,16,3,4,9,0,0,None,None,None,None
Venusology Cafe,https://cn.tripadvisor.com/Restaurant_Review-g294265-d25434685-Reviews-Venusology_Cafe-Singapore.html,4.5,348,"法餐, 咖啡馆, 欧洲",None,None,3,2,0,1,0,0,None,None,None,None
King Of Fried Rice,https://cn.tripadvisor.com/Restaurant_Review-g294265-d16926272-Reviews-King_Of_Fried_Rice-Singapore.html,3.5,350,"中餐, 亚洲料理",Crawford,¥,13,2,7,1,2,1,None,None,None,None
Andes By Astons,https://cn.tripadvisor.com/Restaurant_Review-g294265-d12670959-Reviews-Andes_By_Astons-Singapore.html,3.5,351,"美式烹饪, 牛排馆",None,¥¥ - ¥¥¥,44,9,17,7,5,6,None,None,None,None
Subway,https://cn.tripadvisor.com/Restaurant_Review-g294265-d5860796-Reviews-Subway-Singapore.html,4,352,快餐,None,¥,10,4,4,1,0,1,None,None,None,None
YOLO,https://cn.tripadvisor.com/Restaurant_Review-g294265-d12188113-Reviews-YOLO-Singapore.html,3.5,354,"欧洲, 亚洲料理",丹戎巴葛,¥,19,4,7,3,1,4,None,None,None,None
Tsuta Jewel Changi,https://cn.tripadvisor.com/Restaurant_Review-g294265-d17421491-Reviews-Tsuta_Jewel_Changi-Singapore.html,3.5,355,"日式料理, 寿司",樟宜,¥¥ - ¥¥¥,15,1,6,6,2,0,None,None,None,None
Da Paolo Gastronomia,https://cn.tripadvisor.com/Restaurant_Review-g294265-d3599832-Reviews-Da_Paolo_Gastronomia-Singapore.html,3,356,"意餐, 披萨",中区/城区,¥¥ - ¥¥¥,74,15,18,17,10,14,None,None,None,None
Popeyes Louisiana Kitchen,https://cn.tripadvisor.com/Restaurant_Review-g294265-d10049326-Reviews-Popeyes_Louisiana_Kitchen-Singapore.html,3.5,358,"美式烹饪, 快餐",中区/城区,¥,30,7,12,6,0,5,None,None,None,None
Prata Wala,https://cn.tripadvisor.com/Restaurant_Review-g294265-d5423923-Reviews-Prata_Wala-Singapore.html,3.5,359,"印度菜, 亚洲料理",裕廊西中央,¥¥ - ¥¥¥,30,5,11,8,2,4,None,None,None,None
Burger Up,https://cn.tripadvisor.com/Restaurant_Review-g294265-d9697242-Reviews-Burger_Up-Singapore.html,4,360,快餐,None,¥,13,2,8,1,2,0,None,None,None,None
Handmade Popiah,https://cn.tripadvisor.com/Restaurant_Review-g294265-d27178152-Reviews-Handmade_Popiah-Singapore.html,4.5,361,中餐,None,None,2,1,1,0,0,0,None,None,None,None
Fusion Spoon at Botanic Gardens,https://cn.tripadvisor.com/Restaurant_Review-g294265-d7045445-Reviews-Fusion_Spoon_at_Botanic_Gardens-Singapore.html,3.5,362,"咖啡馆, 亚洲料理",None,¥¥ - ¥¥¥,52,10,14,16,5,7,None,None,None,None
Liao Fan Hong Kong Soya Sauce Chicken Rice Noodle,https://cn.tripadvisor.com/Restaurant_Review-g294265-d13831681-Reviews-Liao_Fan_Hong_Kong_Soya_Sauce_Chicken_Rice_Noodle-Singapore.html,3,363,"中餐, 亚洲料理",中区/城区,¥,94,17,28,24,8,17,None,None,None,None
PS.Cafe at Jewel,https://cn.tripadvisor.com/Restaurant_Review-g294265-d26838559-Reviews-PS_Cafe_at_Jewel-Singapore.html,4.5,364,咖啡馆,None,None,2,1,1,0,0,0,None,None,None,None
Sonny's Pizza,https://cn.tripadvisor.com/Restaurant_Review-g294265-d25082862-Reviews-Sonny_s_Pizza-Singapore.html,3.5,366,"意餐, 披萨",None,None,6,3,1,0,1,1,None,None,None,None
Paul Le Cafe,https://cn.tripadvisor.com/Restaurant_Review-g294265-d25420635-Reviews-Paul_Le_Cafe-Singapore.html,3.5,367,"亚洲料理, 新加坡菜",None,None,6,2,2,1,0,1,None,None,None,None
Kiseki,https://cn.tripadvisor.com/Restaurant_Review-g294265-d3856270-Reviews-Kiseki-Singapore.html,3.5,368,"日式料理, 寿司",中区/城区,¥¥ - ¥¥¥,170,32,54,40,16,28,3.4,3.4,3.6,3.5
Jason Niang Dou Fu,https://cn.tripadvisor.com/Restaurant_Review-g294265-d11964943-Reviews-Jason_Niang_Dou_Fu-Singapore.html,3.5,369,"中餐, 亚洲料理",阿拉伯街,¥,12,3,5,2,1,1,None,None,None,None
Jia Xiang Sarawak Kuching Kolo Mee,https://cn.tripadvisor.com/Restaurant_Review-g294265-d5431084-Reviews-Jia_Xiang_Sarawak_Kuching_Kolo_Mee-Singapore.html,3.5,370,"中餐, 亚洲料理",Maritime Square,¥¥ - ¥¥¥,40,7,16,11,2,4,None,None,None,None
Hong Kong Egglet,https://cn.tripadvisor.com/Restaurant_Review-g294265-d10184974-Reviews-Hong_Kong_Egglet-Singapore.html,5,371,亚洲料理,裕廊西中央,¥,2,2,0,0,0,0,None,None,None,None
Jin Xi Lai (mui Siong) Minced Meat Noodle (tampines),https://cn.tripadvisor.com/Restaurant_Review-g294265-d25109080-Reviews-Jin_Xi_Lai_mui_Siong_Minced_Meat_Noodle_tampines-Singapore.html,4.5,372,中餐,None,None,2,1,1,0,0,0,None,None,None,None
Kfc,https://cn.tripadvisor.com/Restaurant_Review-g294265-d5430879-Reviews-Kfc-Singapore.html,4,373,"美式烹饪, 快餐",裕廊区域中心,¥¥ - ¥¥¥,16,5,7,2,0,2,None,None,None,None
Sin Kee Famous Chicken Rice,https://cn.tripadvisor.com/Restaurant_Review-g294265-d5424789-Reviews-Sin_Kee_Famous_Chicken_Rice-Singapore.html,3.5,374,None,None,¥,19,6,5,5,1,2,None,None,None,None
QQ Rice,https://cn.tripadvisor.com/Restaurant_Review-g294265-d5424279-Reviews-QQ_Rice-Singapore.html,3.5,375,快餐,Novena,¥,14,5,3,3,1,2,None,None,None,None
KFC,https://cn.tripadvisor.com/Restaurant_Review-g294265-d5423951-Reviews-KFC-Singapore.html,3.5,376,"美式烹饪, 快餐",中区/城区,¥,16,5,2,6,1,2,None,None,None,None
Bismillah BIRYANI,https://cn.tripadvisor.com/Restaurant_Review-g294265-d3727853-Reviews-Bismillah_BIRYANI-Singapore.html,3.5,377,"印度菜, 亚洲料理",中区/城区,¥¥ - ¥¥¥,259,57,84,44,33,41,None,None,None,None
Mr. Obanyaki,https://cn.tripadvisor.com/Restaurant_Review-g294265-d27158658-Reviews-Mr_Obanyaki-Singapore.html,5,379,日式料理,None,None,1,1,0,0,0,0,None,None,None,None
Randy Indulgence Acai Bar,https://cn.tripadvisor.com/Restaurant_Review-g294265-d27155008-Reviews-Randy_Indulgence_Acai_Bar-Singapore.html,5,380,美式烹饪,None,None,1,1,0,0,0,0,None,None,None,None
Yishun Park Hawker Centre,https://cn.tripadvisor.com/Restaurant_Review-g294265-d12948952-Reviews-Yishun_Park_Hawker_Centre-Singapore.html,3.5,381,亚洲料理,义顺,¥,22,5,7,2,5,3,None,None,None,None
"Popeyes Louisiana Kitchen, Bugis Village",https://cn.tripadvisor.com/Restaurant_Review-g294265-d13135442-Reviews-Popeyes_Louisiana_Kitchen_Bugis_Village-Singapore.html,3.5,382,快餐,中区/城区,¥,18,2,6,7,1,2,None,None,None,None
Nury Dian Xin Delight,https://cn.tripadvisor.com/Restaurant_Review-g294265-d26708682-Reviews-Nury_Dian_Xin_Delight-Singapore.html,5,383,"中餐, 亚洲料理, 新加坡菜",None,None,1,1,0,0,0,0,None,None,None,None
Wok Hey,https://cn.tripadvisor.com/Restaurant_Review-g294265-d26601249-Reviews-Wok_Hey-Singapore.html,5,384,"亚洲料理, 新加坡菜",None,None,1,1,0,0,0,0,None,None,None,None
"Rojak, Popiah & Cockle",https://cn.tripadvisor.com/Restaurant_Review-g294265-d5424929-Reviews-Rojak_Popiah_Cockle-Singapore.html,3.5,385,None,Maxwell,¥,18,0,11,4,1,2,None,None,None,None
EatAlley,https://cn.tripadvisor.com/Restaurant_Review-g294265-d26440687-Reviews-EatAlley-Singapore.html,5,386,"亚洲料理, 马来西亚菜",None,None,1,1,0,0,0,0,None,None,None,None
Fu Lin Tou Fu Yuen,https://cn.tripadvisor.com/Restaurant_Review-g294265-d5425323-Reviews-Fu_Lin_Tou_Fu_Yuen-Singapore.html,3.5,387,亚洲料理,Frankel,¥,20,2,9,6,2,1,None,None,None,None
Kueh and Mee,https://cn.tripadvisor.com/Restaurant_Review-g294265-d25969683-Reviews-Kueh_and_Mee-Singapore.html,5,388,"亚洲料理, 新加坡菜",None,None,1,1,0,0,0,0,None,None,None,None
𝐕𝐞𝐧𝐮𝐬𝐨𝐥𝐨𝐠𝐲 𝐂𝐚𝐟𝐞 (𝐓𝐚𝐤𝐞𝐚𝐰𝐚𝐲),https://cn.tripadvisor.com/Restaurant_Review-g294265-d25433473-Reviews-Singapore.html,5,389,"法餐, 披萨, 各国料理",None,None,1,1,0,0,0,0,None,None,None,None
Coffee Smith,https://cn.tripadvisor.com/Restaurant_Review-g294265-d12805598-Reviews-Coffee_Smith-Singapore.html,3,389,咖啡馆,中区/城区,None,17,4,2,3,3,5,None,None,None,None
Delifrance Cafe,https://cn.tripadvisor.com/Restaurant_Review-g294265-d12048529-Reviews-Delifrance_Cafe-Singapore.html,3.5,391,咖啡馆,东陵,¥,12,4,5,0,0,3,None,None,None,None
The Coffee Bean & Tea Leaf,https://cn.tripadvisor.com/Restaurant_Review-g294265-d5430682-Reviews-The_Coffee_Bean_Tea_Leaf-Singapore.html,3,391,咖啡馆,Maritime Square,¥¥ - ¥¥¥,38,4,11,9,5,9,None,None,None,None
Wok Hey,https://cn.tripadvisor.com/Restaurant_Review-g294265-d25224458-Reviews-Wok_Hey-Singapore.html,5,392,亚洲料理,None,None,1,1,0,0,0,0,None,None,None,None
Saap Saap Thai,https://cn.tripadvisor.com/Restaurant_Review-g294265-d12507513-Reviews-Saap_Saap_Thai-Singapore.html,3.5,394,"亚洲料理, 泰国菜",None,None,25,4,9,5,6,1,None,None,None,None
Burgs,https://cn.tripadvisor.com/Restaurant_Review-g294265-d12844175-Reviews-Burgs-Singapore.html,3.5,395,"美式烹饪, 快餐",Crawford,¥,12,2,5,2,2,1,None,None,None,None
Z-coconut,https://cn.tripadvisor.com/Restaurant_Review-g294265-d24093223-Reviews-Z_coconut-Singapore.html,5,396,"亚洲料理, 泰国菜, 新加坡菜",None,None,1,1,0,0,0,0,None,None,None,None
Burger King,https://cn.tripadvisor.com/Restaurant_Review-g294265-d5424410-Reviews-Burger_King-Singapore.html,3,397,快餐,中区/城区,¥,32,5,9,9,5,4,None,None,None,None
Supply & Demand,https://cn.tripadvisor.com/Restaurant_Review-g294265-d13413045-Reviews-Supply_Demand-Singapore.html,3,398,"意餐, 披萨",Novena,¥¥ - ¥¥¥,13,3,4,2,1,3,None,None,None,None
Burger King,https://cn.tripadvisor.com/Restaurant_Review-g294265-d8325429-Reviews-Burger_King-Singapore.html,3.5,399,快餐,樟宜,¥,19,3,4,8,3,1,None,None,None,None
Prata Wala,https://cn.tripadvisor.com/Restaurant_Review-g294265-d5519158-Reviews-Prata_Wala-Singapore.html,3.5,400,印度菜,裕廊西中央,¥¥ - ¥¥¥,21,2,8,8,1,2,None,None,None,None
NO MONKEY BUSINESS,https://cn.tripadvisor.com/Restaurant_Review-g294265-d22952241-Reviews-NO_MONKEY_BUSINESS-Singapore.html,5,401,"中餐, 亚洲料理",大巴窑,¥¥ - ¥¥¥,1,1,0,0,0,0,None,None,None,None
McDonald's,https://cn.tripadvisor.com/Restaurant_Review-g294265-d5424467-Reviews-McDonald_s-Singapore.html,4.5,402,"美式烹饪, 快餐",None,None,2,1,1,0,0,0,None,None,None,None
PastaMania,https://cn.tripadvisor.com/Restaurant_Review-g294265-d3859150-Reviews-PastaMania-Singapore.html,3,403,"意餐, 快餐",中区/城区,¥¥ - ¥¥¥,23,5,7,5,0,6,None,None,None,None
132 Mee Pok,https://cn.tripadvisor.com/Restaurant_Review-g294265-d1986703-Reviews-132_Mee_Pok-Singapore.html,3,404,"中餐, 亚洲料理",马林百列,¥,25,6,5,6,3,5,3.8,2.8,3.5,3
Ayam Penyet President,https://cn.tripadvisor.com/Restaurant_Review-g294265-d5424539-Reviews-Ayam_Penyet_President-Singapore.html,3,405,"亚洲料理, 印尼菜",Serangoon,¥¥ - ¥¥¥,45,7,12,13,5,8,None,None,None,None
Encik Tan,https://cn.tripadvisor.com/Restaurant_Review-g294265-d13427028-Reviews-Encik_Tan-Singapore.html,3.5,406,"中餐, 快餐",中区/城区,¥,16,1,10,3,0,2,None,None,None,None
Ekiben,https://cn.tripadvisor.com/Restaurant_Review-g294265-d23012998-Reviews-Ekiben-Singapore.html,5,407,日式料理,巴西立,¥¥ - ¥¥¥,1,1,0,0,0,0,None,None,None,None
85 Redhill Teochew Fishball Noodles,https://cn.tripadvisor.com/Restaurant_Review-g294265-d12120316-Reviews-85_Redhill_Teochew_Fishball_Noodles-Singapore.html,3.5,408,"中餐, 亚洲料理",Novena,¥,17,4,3,4,6,0,None,None,None,None
Wolf Burgers,https://cn.tripadvisor.com/Restaurant_Review-g294265-d12637388-Reviews-Wolf_Burgers-Singapore.html,3.5,410,"美式烹饪, 快餐",樟宜,¥¥ - ¥¥¥,27,6,7,9,2,3,None,None,None,None
Subway,https://cn.tripadvisor.com/Restaurant_Review-g294265-d5423846-Reviews-Subway-Singapore.html,4,414,快餐,None,None,4,2,0,2,0,0,None,None,None,None
Food Junction Singapore,https://cn.tripadvisor.com/Restaurant_Review-g294265-d5423813-Reviews-Food_Junction_Singapore-Singapore.html,3.5,415,亚洲料理,Bishan,¥,25,4,8,8,1,4,None,None,None,None
MOS Burger,https://cn.tripadvisor.com/Restaurant_Review-g294265-d5431100-Reviews-MOS_Burger-Singapore.html,3,416,快餐,滨海广场,¥,47,5,19,12,4,7,None,None,None,None
Chic-A-Boo Fried Chicken,https://cn.tripadvisor.com/Restaurant_Review-g294265-d8753766-Reviews-Chic_A_Boo_Fried_Chicken-Singapore.html,3,417,快餐,滨海广场,¥,30,4,14,4,1,7,None,None,None,None
Pin Wei Hong Kong Style Chee Cheong Fun,https://cn.tripadvisor.com/Restaurant_Review-g294265-d22730824-Reviews-Pin_Wei_Hong_Kong_Style_Chee_Cheong_Fun-Singapore.html,3.5,418,"亚洲料理, 新加坡菜",加冷,None,2,0,1,1,0,0,None,None,None,None
Feng Xin Dim Sum,https://cn.tripadvisor.com/Restaurant_Review-g294265-d27178151-Reviews-Feng_Xin_Dim_Sum-Singapore.html,4,419,中餐,None,None,1,0,1,0,0,0,None,None,None,None
Chuan Cheng Wanton Noodle,https://cn.tripadvisor.com/Restaurant_Review-g294265-d27174165-Reviews-Chuan_Cheng_Wanton_Noodle-Singapore.html,4,420,中餐,None,None,1,0,1,0,0,0,None,None,None,None
Hong Yun Chicken Rice,https://cn.tripadvisor.com/Restaurant_Review-g294265-d27174168-Reviews-Hong_Yun_Chicken_Rice-Singapore.html,4,420,中餐,None,None,1,0,1,0,0,0,None,None,None,None
Kun Ji Duck Rice,https://cn.tripadvisor.com/Restaurant_Review-g294265-d27170359-Reviews-Kun_Ji_Duck_Rice-Singapore.html,4,422,中餐,None,None,1,0,1,0,0,0,None,None,None,None
Big Fat Fish Ball Meat Noodles,https://cn.tripadvisor.com/Restaurant_Review-g294265-d27162559-Reviews-Big_Fat_Fish_Ball_Meat_Noodles-Singapore.html,4,423,中餐,None,None,1,0,1,0,0,0,None,None,None,None
Zhou Ji Wanton Noodle,https://cn.tripadvisor.com/Restaurant_Review-g294265-d27151827-Reviews-Zhou_Ji_Wanton_Noodle-Singapore.html,4,424,中餐,None,None,1,0,1,0,0,0,None,None,None,None
HarriAnns Nonya Table,https://cn.tripadvisor.com/Restaurant_Review-g294265-d27139817-Reviews-HarriAnns_Nonya_Table-Singapore.html,4,425,"亚洲料理, 新加坡菜",None,None,1,0,1,0,0,0,None,None,None,None
SG Prawn Noodle,https://cn.tripadvisor.com/Restaurant_Review-g294265-d27123291-Reviews-SG_Prawn_Noodle-Singapore.html,4,427,中餐,None,None,1,0,1,0,0,0,None,None,None,None
Cahaya Singapore (Changi Airport),https://cn.tripadvisor.com/Restaurant_Review-g294265-d27115000-Reviews-Cahaya_Singapore_Changi_Airport-Singapore.html,4,428,"亚洲料理, 新加坡菜",None,None,1,0,1,0,0,0,None,None,None,None
Conservatory Cafe,https://cn.tripadvisor.com/Restaurant_Review-g294265-d27111954-Reviews-Conservatory_Cafe-Singapore.html,4,429,街边小吃,None,None,1,0,1,0,0,0,None,None,None,None
Halia Pantry,https://cn.tripadvisor.com/Restaurant_Review-g294265-d27109582-Reviews-Halia_Pantry-Singapore.html,3.5,431,"意餐, 亚洲料理, 熟食店",None,None,2,1,0,0,1,0,None,None,None,None
Syed Cafe,https://cn.tripadvisor.com/Restaurant_Review-g294265-d25572585-Reviews-Syed_Cafe-Singapore.html,4,432,"印度菜, 亚洲料理, 新加坡菜",None,None,1,0,1,0,0,0,None,None,None,None
Enaq,https://cn.tripadvisor.com/Restaurant_Review-g294265-d5424764-Reviews-Enaq-Singapore.html,3,433,"印度菜, 亚洲料理",None,¥,35,8,10,5,2,10,None,None,None,None
Rui Heng Braised Duck,https://cn.tripadvisor.com/Restaurant_Review-g294265-d25361814-Reviews-Rui_Heng_Braised_Duck-Singapore.html,4,434,"亚洲料理, 新加坡菜",None,None,1,0,1,0,0,0,None,None,None,None
So Good Char Chan Tang,https://cn.tripadvisor.com/Restaurant_Review-g294265-d17339144-Reviews-So_Good_Char_Chan_Tang-Singapore.html,3.5,435,"中餐, 亚洲料理",Bishan,¥¥ - ¥¥¥,30,7,10,4,3,6,None,None,None,None
You Cai Wanton Mee,https://cn.tripadvisor.com/Restaurant_Review-g294265-d25264267-Reviews-You_Cai_Wanton_Mee-Singapore.html,4,437,"亚洲料理, 新加坡菜",None,None,1,0,1,0,0,0,None,None,None,None
Nam Kee Pau,https://cn.tripadvisor.com/Restaurant_Review-g294265-d25076131-Reviews-Nam_Kee_Pau-Singapore.html,4,440,中餐,None,None,1,0,1,0,0,0,None,None,None,None
Starbucks Cafe,https://cn.tripadvisor.com/Restaurant_Review-g294265-d25089248-Reviews-Starbucks_Cafe-Singapore.html,4,441,"快餐, 亚洲料理",None,None,1,0,1,0,0,0,None,None,None,None
Shake Shack,https://cn.tripadvisor.com/Restaurant_Review-g294265-d24969556-Reviews-Shake_Shack-Singapore.html,3.5,443,"美式烹饪, 快餐",None,None,2,0,1,1,0,0,None,None,None,None
Er Jie Curry Puff @arc 380,https://cn.tripadvisor.com/Restaurant_Review-g294265-d23917296-Reviews-Er_Jie_Curry_Puff_arc_380-Singapore.html,4,445,"亚洲料理, 新加坡菜",None,None,1,0,1,0,0,0,None,None,None,None
Burger King,https://cn.tripadvisor.com/Restaurant_Review-g294265-d5423956-Reviews-Burger_King-Singapore.html,3,447,快餐,中区/城区,¥,27,3,13,4,1,6,None,None,None,None
Ananda Bhavan,https://cn.tripadvisor.com/Restaurant_Review-g294265-d13564816-Reviews-Ananda_Bhavan-Singapore.html,3.5,449,印度菜,劳明达,¥,22,3,9,4,3,3,None,None,None,None
Koufu,https://cn.tripadvisor.com/Restaurant_Review-g294265-d5824465-Reviews-Koufu-Singapore.html,3,450,"中餐, 亚洲料理",None,¥,13,1,3,5,0,4,None,None,None,None
Soi 19 Thai Wanton Mee,https://cn.tripadvisor.com/Restaurant_Review-g294265-d13908810-Reviews-Soi_19_Thai_Wanton_Mee-Singapore.html,3.5,451,"亚洲料理, 泰国菜",None,¥,19,3,9,2,0,5,None,None,None,None
McDonald's,https://cn.tripadvisor.com/Restaurant_Review-g294265-d5482099-Reviews-McDonald_s-Singapore.html,3,452,快餐,新加坡河,¥,15,1,5,6,1,2,None,None,None,None
Subway,https://cn.tripadvisor.com/Restaurant_Review-g294265-d5423782-Reviews-Subway-Singapore.html,4,453,快餐,宏茂桥镇中心,None,1,0,1,0,0,0,None,None,None,None
McDonalds,https://cn.tripadvisor.com/Restaurant_Review-g294265-d10531496-Reviews-McDonalds-Singapore.html,3,454,快餐,马林百列,¥¥ - ¥¥¥,16,2,3,7,1,3,None,None,None,None
Da Paolo Gastronomia - Raffles City,https://cn.tripadvisor.com/Restaurant_Review-g294265-d11884676-Reviews-Da_Paolo_Gastronomia_Raffles_City-Singapore.html,3,455,"意餐, 披萨",中区/城区,¥¥ - ¥¥¥,69,11,19,17,8,14,None,None,None,None
Four Leaves Bakery,https://cn.tripadvisor.com/Restaurant_Review-g294265-d10686634-Reviews-Four_Leaves_Bakery-Singapore.html,3.5,456,"咖啡馆, 快餐",中区/城区,¥,16,3,6,3,1,3,None,None,None,None
Cedele,https://cn.tripadvisor.com/Restaurant_Review-g294265-d7906407-Reviews-Cedele-Singapore.html,3.5,457,"咖啡馆, 汤",武吉巴督,¥¥ - ¥¥¥,22,1,12,4,3,2,None,None,None,None
Omnivore,https://cn.tripadvisor.com/Restaurant_Review-g294265-d11046243-Reviews-Omnivore-Singapore.html,3,458,None,中区/城区,¥,11,1,5,2,1,2,None,None,None,None
Chong Pang Hainanese Chicken Rice,https://cn.tripadvisor.com/Restaurant_Review-g294265-d27157864-Reviews-Chong_Pang_Hainanese_Chicken_Rice-Singapore.html,3,459,"中餐, 亚洲料理",None,None,1,0,0,1,0,0,None,None,None,None
Pizza Hut,https://cn.tripadvisor.com/Restaurant_Review-g294265-d19758080-Reviews-Pizza_Hut-Singapore.html,3,459,意餐,None,None,1,0,0,1,0,0,None,None,None,None
Subway,https://cn.tripadvisor.com/Restaurant_Review-g294265-d5424065-Reviews-Subway-Singapore.html,3,459,快餐,勿洛北,None,1,0,0,1,0,0,None,None,None,None
Ajifuku,https://cn.tripadvisor.com/Restaurant_Review-g294265-d26671046-Reviews-Ajifuku-Singapore.html,3,459,日式料理,None,None,1,0,0,1,0,0,None,None,None,None
GOPIZZA Lazada One,https://cn.tripadvisor.com/Restaurant_Review-g294265-d27037593-Reviews-GOPIZZA_Lazada_One-Singapore.html,3,459,"美式烹饪, 亚洲料理, 韩式料理",None,None,1,0,0,1,0,0,None,None,None,None
Burger King,https://cn.tripadvisor.com/Restaurant_Review-g294265-d1639369-Reviews-Burger_King-Singapore.html,3,465,"美式烹饪, 快餐",芽笼,¥,107,12,35,35,8,17,3.2,3,3.3,2.9
Hawker Chan - Jurassic Nest,https://cn.tripadvisor.com/Restaurant_Review-g294265-d25273012-Reviews-Hawker_Chan_Jurassic_Nest-Singapore.html,3,466,亚洲料理,None,None,7,1,2,1,2,1,None,None,None,None
Louie's Bifanas - Lavender,https://cn.tripadvisor.com/Restaurant_Review-g294265-d26434290-Reviews-Louie_s_Bifanas_Lavender-Singapore.html,3,467,"欧洲, 葡萄牙菜",None,None,7,3,0,0,2,2,None,None,None,None
Simply Bread,https://cn.tripadvisor.com/Restaurant_Review-g294265-d1020878-Reviews-Simply_Bread-Singapore.html,3,468,咖啡馆,None,¥,41,8,13,8,2,10,3.5,3.2,3.1,3.4
Long John Silver's,https://cn.tripadvisor.com/Restaurant_Review-g294265-d5425341-Reviews-Long_John_Silver_s-Singapore.html,3,469,"海鲜, 快餐",中区/城区,¥,12,1,4,3,2,2,None,None,None,None
Big Fish Small Fish,https://cn.tripadvisor.com/Restaurant_Review-g294265-d12221901-Reviews-Big_Fish_Small_Fish-Singapore.html,3,470,海鲜,榜鹅,¥¥ - ¥¥¥,36,4,11,11,3,7,None,None,None,None
Stuff'd,https://cn.tripadvisor.com/Restaurant_Review-g294265-d10155573-Reviews-Stuff_d-Singapore.html,3,471,"墨西哥菜, 快餐",中区/城区,¥,15,4,4,1,1,5,None,None,None,None
Nam Kee Pau,https://cn.tripadvisor.com/Restaurant_Review-g294265-d12404516-Reviews-Nam_Kee_Pau-Singapore.html,3,472,"中餐, 亚洲料理",武吉知马,None,16,1,6,5,0,4,None,None,None,None
Shake Shack,https://cn.tripadvisor.com/Restaurant_Review-g294265-d21208174-Reviews-Shake_Shack-Singapore.html,3,473,"美式烹饪, 快餐",中区/城区,¥,27,3,5,10,3,6,None,None,None,None
Arnold's Chicken,https://cn.tripadvisor.com/Restaurant_Review-g294265-d1554108-Reviews-Arnold_s_Chicken-Singapore.html,3,475,快餐,芽笼,¥¥ - ¥¥¥,39,6,13,10,2,8,None,None,None,None
Soon Soon Huat,https://cn.tripadvisor.com/Restaurant_Review-g294265-d15056040-Reviews-Soon_Soon_Huat-Singapore.html,3,477,亚洲料理,马林百列,¥,15,2,5,3,0,5,None,None,None,None
Subway,https://cn.tripadvisor.com/Restaurant_Review-g294265-d5424119-Reviews-Subway-Singapore.html,2.5,478,快餐,中区/城区,None,2,0,0,1,1,0,None,None,None,None
MOS Burger,https://cn.tripadvisor.com/Restaurant_Review-g294265-d5423897-Reviews-MOS_Burger-Singapore.html,3,479,快餐,大巴窑,¥¥ - ¥¥¥,14,1,5,3,2,3,None,None,None,None
KFC,https://cn.tripadvisor.com/Restaurant_Review-g294265-d5874460-Reviews-KFC-Singapore.html,3,480,"美式烹饪, 快餐",圣淘沙,¥,91,12,32,20,9,18,None,None,None,None
McDonald's Choa Chu Kang Neighbourhood 5,https://cn.tripadvisor.com/Restaurant_Review-g294265-d5424122-Reviews-McDonald_s_Choa_Chu_Kang_Neighbourhood_5-Singapore.html,2.5,481,快餐,None,None,2,0,0,1,1,0,None,None,None,None
McDonald's,https://cn.tripadvisor.com/Restaurant_Review-g294265-d5583601-Reviews-McDonald_s-Singapore.html,3,482,"美式烹饪, 快餐",None,¥,34,4,13,8,5,4,None,None,None,None
Ah Gong Minced Pork Noodles,https://cn.tripadvisor.com/Restaurant_Review-g294265-d23977644-Reviews-Ah_Gong_Minced_Pork_Noodles-Singapore.html,2.5,483,中餐,None,None,2,0,0,1,1,0,None,None,None,None
Rabbit & Fox By Liho Tea @ Og Orchard,https://cn.tripadvisor.com/Restaurant_Review-g294265-d24006430-Reviews-Rabbit_Fox_By_Liho_Tea_Og_Orchard-Singapore.html,2,485,"亚洲料理, 新加坡菜",None,None,1,0,0,0,1,0,None,None,None,None
Santap,https://cn.tripadvisor.com/Restaurant_Review-g294265-d12687174-Reviews-Santap-Singapore.html,3,486,None,中区/城区,¥¥ - ¥¥¥,18,1,6,3,5,3,None,None,None,None
"Zitimama's, Ntu",https://cn.tripadvisor.com/Restaurant_Review-g294265-d24051122-Reviews-Zitimama_s_Ntu-Singapore.html,2,487,"意餐, 美式烹饪",None,None,1,0,0,0,1,0,None,None,None,None
The Hainan Story 海南寶,https://cn.tripadvisor.com/Restaurant_Review-g294265-d21406926-Reviews-The_Hainan_Story-Singapore.html,3,488,中餐,武吉班让,¥¥ - ¥¥¥,9,1,0,4,4,0,None,None,None,None
Burger King,https://cn.tripadvisor.com/Restaurant_Review-g294265-d13459407-Reviews-Burger_King-Singapore.html,2,489,"美式烹饪, 快餐",樟宜,None,2,0,0,1,0,1,None,None,None,None
Starbucks,https://cn.tripadvisor.com/Restaurant_Review-g294265-d27037372-Reviews-Starbucks-Singapore.html,2.5,490,"美式烹饪, 咖啡馆",None,None,2,0,0,1,1,0,None,None,None,None
Food Republic @ Woodleigh Mall,https://cn.tripadvisor.com/Restaurant_Review-g294265-d27162499-Reviews-Food_Republic_Woodleigh_Mall-Singapore.html,2,491,"中餐, 各国料理, 亚洲料理",None,None,1,0,0,0,1,0,None,None,None,None
A&W,https://cn.tripadvisor.com/Restaurant_Review-g294265-d17729701-Reviews-A_W-Singapore.html,3,492,快餐,樟宜,¥,19,1,4,9,2,3,None,None,None,None
Lao Jiang Superior Soup,https://cn.tripadvisor.com/Restaurant_Review-g294265-d10133544-Reviews-Lao_Jiang_Superior_Soup-Singapore.html,3,493,中餐,武吉知马,¥¥ - ¥¥¥,11,1,4,2,1,3,None,None,None,None
KFC,https://cn.tripadvisor.com/Restaurant_Review-g294265-d5423908-Reviews-KFC-Singapore.html,3,495,"美式烹饪, 快餐",中区/城区,¥,24,1,8,6,2,7,None,None,None,None
Burger King,https://cn.tripadvisor.com/Restaurant_Review-g294265-d19086699-Reviews-Burger_King-Singapore.html,2,496,"美式烹饪, 快餐",武吉知马,None,2,0,0,1,0,1,None,None,None,None
John's Pizzeria & Bakery,https://cn.tripadvisor.com/Restaurant_Review-g294265-d13282272-Reviews-John_s_Pizzeria_Bakery-Singapore.html,3,497,"美式烹饪, 披萨",亚历山德拉山,¥¥ - ¥¥¥,43,11,6,6,7,13,None,None,None,None
Encik Tan,https://cn.tripadvisor.com/Restaurant_Review-g294265-d10196695-Reviews-Encik_Tan-Singapore.html,3,502,"中餐, 快餐",None,¥,28,0,8,12,2,6,None,None,None,None
Prata Raya,https://cn.tripadvisor.com/Restaurant_Review-g294265-d8524641-Reviews-Prata_Raya-Singapore.html,3,503,印度菜,宏茂桥镇中心,¥¥ - ¥¥¥,13,1,5,2,1,4,None,None,None,None
Boost Juice Bar,https://cn.tripadvisor.com/Restaurant_Review-g294265-d10520870-Reviews-Boost_Juice_Bar-Singapore.html,2.5,505,健康餐饮,中区/城区,¥,34,4,8,8,2,12,None,None,None,None
Tap & Brew Restaurant Terminal 1 Transit,https://cn.tripadvisor.com/Restaurant_Review-g294265-d27107425-Reviews-Tap_Brew_Restaurant_Terminal_1_Transit-Singapore.html,1.5,506,"美国西南风味, 亚洲料理, 新加坡菜",None,None,2,0,0,0,1,1,None,None,None,None
LiHO Tea,https://cn.tripadvisor.com/Restaurant_Review-g294265-d15214567-Reviews-LiHO_Tea-Singapore.html,2.5,507,None,中区/城区,¥,14,1,5,2,0,6,None,None,None,None
Crave,https://cn.tripadvisor.com/Restaurant_Review-g294265-d12064642-Reviews-Crave-Singapore.html,2.5,508,"快餐, 亚洲料理, 新加坡菜",Hougang,None,15,0,5,2,3,5,None,None,None,None
Secret Recipe,https://cn.tripadvisor.com/Restaurant_Review-g294265-d5424560-Reviews-Secret_Recipe-Singapore.html,2.5,509,None,中区/城区,¥¥ - ¥¥¥,37,3,8,7,7,12,None,None,None,None
Domino's Pizza @ Killiney,https://cn.tripadvisor.com/Restaurant_Review-g294265-d5429728-Reviews-Domino_s_Pizza_Killiney-Singapore.html,2.5,510,"披萨, 快餐",中区/城区,¥¥ - ¥¥¥,25,1,9,4,1,10,None,None,None,None
Jollibee Singapore,https://cn.tripadvisor.com/Restaurant_Review-g294265-d5790442-Reviews-Jollibee_Singapore-Singapore.html,3,511,"菲律宾菜, 快餐",中区/城区,¥,124,16,32,29,9,38,None,None,None,None
Pontian Wanton Noodles House,https://cn.tripadvisor.com/Restaurant_Review-g294265-d4587525-Reviews-Pontian_Wanton_Noodles_House-Singapore.html,2.5,512,亚洲料理,勿洛北,¥,23,0,4,7,4,8,2.6,2.5,2.7,2.8
Tong Fong Fatt Hainanese Boneless Chicken Rice,https://cn.tripadvisor.com/Restaurant_Review-g294265-d5424134-Reviews-Tong_Fong_Fatt_Hainanese_Boneless_Chicken_Rice-Singapore.html,2.5,513,"亚洲料理, 新加坡菜",Maxwell,¥,46,7,13,5,2,19,None,None,None,None
Jalan kayu thasevi roti prata,https://cn.tripadvisor.com/Restaurant_Review-g294265-d4829591-Reviews-Jalan_kayu_thasevi_roti_prata-Singapore.html,2.5,514,"印度菜, 亚洲料理",盛港,¥,44,3,6,10,9,16,None,None,None,None
Holland Village XO Fish Head Bee Hoon,https://cn.tripadvisor.com/Restaurant_Review-g294265-d5424237-Reviews-Holland_Village_XO_Fish_Head_Bee_Hoon-Singapore.html,2.5,515,"中餐, 亚洲料理",None,¥,50,5,11,10,2,22,None,None,None,None
Wlf-Welovefood,https://cn.tripadvisor.com/Restaurant_Review-g294265-d15703890-Reviews-Wlf_Welovefood-Singapore.html,1.5,516,None,None,¥¥ - ¥¥¥,13,1,0,0,1,11,None,None,None,None
Ya Kun Kaya Toast,https://cn.tripadvisor.com/Restaurant_Review-g294265-d5788618-Reviews-Ya_Kun_Kaya_Toast-Singapore.html,4,528,"咖啡馆, 快餐",樟宜,¥,225,68,113,33,6,5,4.2,3.7,4.3,3.7
